FoliageArthID,BeatSheetFK,CCGroup,Length,Quantity,PhotoURL,CCNotes,TaxonLevel,Taxon,ITISID,TotalMass
105199,131093,beetle,3,1,NA,NA,genus,Melanotus,NA,3.2
105200,131093,ant,3,1,NA,NA,genus,Crematogaster,NA,0.8
105202,131094,ant,3,1,NA,NA,genus,Lasius,NA,0.3
105203,131094,beetle,3,1,NA,NA,genus,Melanotus,NA,2.7
105204,131094,beetle,2,1,NA,NA,order,Coleoptera,NA,0.3
105205,131094,caterpillar,3,1,NA,NA,family,Geometridae,NA,0.2
105206,131097,ant,8,1,NA,NA,genus,Camponotus,NA,25.4
105207,131097,ant,3,1,NA,NA,species,Linepithema humile,NA,1.5
105208,131097,spider,4,1,NA,NA,family,Thomisidae,NA,9.8
105209,131097,spider,2,1,NA,NA,order,Araneae,NA,1.4
105210,131098,fly,3,1,NA,NA,order,Diptera,NA,NA
105211,131100,spider,4,1,NA,NA,species,Hibana gracilis,NA,7.9
105212,131100,spider,2,1,NA,NA,family,Anyphaenidae,NA,0.3
105213,131102,beetle,4,1,NA,NA,genus,Melanotus,NA,5.1
105214,131102,beetle,5,1,NA,NA,genus,Melanotus,NA,8.7
105215,131106,bee,2,1,NA,NA,family,Conopidae,NA,0.1
105216,131108,ant,4,1,NA,NA,species,Linepithema humile,NA,2.3
105217,131108,spider,4,1,NA,NA,species,Hibana gracilis,NA,4.6
105218,131109,spider,2,1,NA,NA,family,Gnaphosidae,NA,1.6
105219,131109,truebugs,3,1,NA,NA,family,Anthocoridae,NA,2.2
105220,131112,ant,3,1,NA,NA,genus,Brachymyrmex,NA,0.9
105221,131112,spider,2,1,NA,NA,family,Anyphaenidae,NA,1.4
105222,131114,ant,3,2,NA,"Same kind, lost 2",species,Linepithema humile,NA,2.1
105223,131114,aphid,2,2,NA,NA,family,Aphididae,NA,0.6
105224,131114,spider,3,1,NA,NA,species,Hibana gracilis,NA,2.7
105225,131114,spider,4,2,NA,Same kind,species,Hibana gracilis,NA,4.2
105226,131115,ant,4,8,NA,All same,species,Linepithema humile,NA,11.8
105241,131126,ant,2,1,NA,NA,genus,Tapinoma,NA,0.4
105242,131126,truebugs,2,2,NA,NA,genus,Corythucha,NA,1.2
105244,131128,spider,3,1,NA,NA,family,Philodromidae,NA,2.1
105245,131128,truebugs,3,2,NA,NA,genus,Corythucha,NA,0.7
105246,131129,spider,3,1,NA,NA,family,Tetragnathidae,NA,0.7
105247,131130,beetle,3,1,NA,NA,family,Latridiidae,NA,0.2
105248,131131,spider,5,1,NA,NA,family,Salticidae,NA,10.5
105249,131131,truebugs,2,2,NA,NA,genus,Corythucha,NA,0.4
105250,131131,truebugs,5,1,NA,NA,family,Berytidae,NA,0.8
105251,131133,beetle,2,1,NA,NA,species,Chilocorus stigma,NA,1.8
105252,131134,other,2,1,NA,Psocodea,order,Psocodea,NA,0.7
105254,131136,truebugs,14,1,NA,NA,species,Zelus luridus,NA,65.7
105255,131136,truebugs,2,1,NA,NA,genus,Corythucha,NA,0.1
105256,131138,beetle,3,1,NA,NA,family,Saldidae,NA,0.8
105257,131138,truebugs,5,1,NA,NA,family,Miridae,NA,9.5
105258,131139,spider,3,1,NA,NA,family,Araneidae,NA,4
105259,131140,other,3,9,NA,"Psocodea, all same",order,Trichoptera,NA,NA
105260,131140,spider,2,1,NA,NA,suborder,Heteroptera,NA,0.3
105261,131141,beetle,3,1,NA,NA,family,Mordellidae,NA,3.1
105262,131142,ant,5,1,NA,NA,genus,Camponotus,NA,9.4
105263,131144,other,2,2,NA,Psocodea,order,Psocodea,NA,0.2
105264,131147,beetle,5,1,NA,NA,genus,Melanotus,NA,9.2
105265,131148,beetle,3,1,NA,NA,family,Chrysomelidae,NA,4
105266,131148,beetle,5,1,NA,NA,genus,Melanotus,NA,10.8
105267,131149,beetle,11,1,NA,NA,family,Elateridae,NA,52.5
105268,131149,beetle,5,1,NA,NA,genus,Melanotus,NA,11.8
105270,131151,moths,3,1,NA,Lost,order,Lepidoptera,NA,NA
105271,131151,spider,5,1,NA,NA,family,Tetragnathidae,NA,6
105272,131151,spider,4,1,NA,NA,species,Hibana gracilis,NA,5.6
105273,131152,spider,4,1,NA,NA,species,Hibana gracilis,NA,9.7
105274,131153,ant,3,2,NA,NA,species,Prenolepis imparis,NA,2.7
105275,131153,beetle,2,1,NA,NA,family,Mordellidae,NA,0.7
105276,131154,daddylonglegs,3,1,NA,NA,species,Odiellus pictus,NA,6.2
105277,131155,ant,3,3,NA,NA,species,Prenolepis imparis,NA,3.6
105278,131155,beetle,11,1,NA,NA,species,Arrenodes minutus,NA,29.2
105279,131155,spider,3,1,NA,NA,family,Anyphaenidae,NA,2.5
105280,131157,beetle,3,1,NA,NA,family,Mordellidae,NA,0.9
105281,131158,other,3,1,NA,Psocodea,order,Psocodea,NA,0.2
105282,131158,caterpillar,5,1,105282.jpeg,NA,family,Geometridae,NA,1.7
105283,131160,beetle,6,1,NA,NA,genus,Melanotus,NA,10.8
105284,131161,ant,2,2,NA,NA,genus,Crematogaster,NA,1.3
105285,131161,ant,4,1,NA,NA,genus,Camponotus,NA,2.2
105286,131161,other,2,1,NA,Psocodea,order,Psocodea,NA,0.2
105287,131162,beetle,3,1,NA,NA,family,Cleridae,NA,1.3
105288,131162,beetle,2,1,NA,NA,family,Cleridae,NA,1.3
105289,131163,beetle,2,1,NA,Lost,order,Coleoptera,NA,NA
105290,131163,moths,3,1,NA,NA,order,Lepidoptera,NA,1.1
105291,131164,ant,6,1,NA,NA,genus,Camponotus,NA,9.3
105292,131165,beetle,2,1,NA,NA,family,Tenebrionidae,NA,0.8
105293,131165,beetle,3,1,NA,NA,family,Curculionidae,NA,2.8
105294,131167,ant,3,2,NA,NA,species,Prenolepis imparis,NA,3
105295,131167,beetle,2,1,NA,NA,family,Curculionidae,NA,3.2
105296,131167,spider,5,1,NA,NA,family,Thomisidae,NA,5.8
105297,131169,fly,2,1,NA,Lost,order,Diptera,NA,NA
105298,131170,ant,3,1,NA,NA,species,Prenolepis imparis,NA,1.9
105299,131170,spider,2,1,NA,NA,family,Araneidae,NA,2.5
105300,131170,moths,3,1,NA,Lost,order,Lepidoptera,NA,NA
105303,131174,beetle,4,1,NA,NA,genus,Melanotus,NA,3.1
105304,131175,beetle,2,1,NA,NA,family,Curculionidae,NA,3.7
105305,131175,moths,4,1,NA,NA,order,Lepidoptera,NA,2.9
105306,131175,spider,4,1,NA,NA,species,Hibana gracilis,NA,6.8
205212,131100,spider,2,1,NA,NA,order,Araneae,NA,1.7
205220,131111,spider,3,1,NA,NA,species,Hibana gracilis,NA,NA
205221,131111,beetle,2,1,NA,NA,family,Ptinidae,NA,NA
105307,131177,ant,5,1,NA,NA,genus,Camponotus,NA,4.1
105308,131177,ant,2,1,NA,NA,genus,Crematogaster,NA,0.7
105309,131178,spider,5,1,NA,NA,family,Salticidae,NA,6.8
105310,131178,beetle,6,1,NA,NA,family,Elateridae,NA,12.8
105311,131179,other,2,1,NA,Psocodea,order,Psocodea,NA,0.3
105312,131180,ant,5,1,NA,NA,genus,Camponotus,NA,2.6
105313,131181,spider,4,1,NA,NA,family,Thomisidae,NA,5.8
105314,131183,ant,6,1,NA,NA,genus,Camponotus,NA,11.1
105315,131184,ant,3,1,NA,NA,genus,Crematogaster,NA,0.8
105316,131184,leafhopper,2,2,NA,Lost,suborder,Auchenorrhyncha,NA,NA
105317,131184,spider,5,1,NA,NA,family,Salticidae,NA,6
105318,131186,ant,8,1,NA,Lost,family,Formicidae,NA,NA
105319,131187,other,3,12,NA,"Trichoptera, all same, lost 9",order,Trichoptera,NA,1.5
105320,131188,leafhopper,3,1,NA,NA,family,Cicadellidae,NA,1.8
105321,131190,beetle,5,1,NA,NA,family,Buprestidae,NA,4.9
105322,131193,ant,2,3,NA,NA,genus,Forelius,NA,0.6
105323,131193,truebugs,2,3,NA,Tingidae,genus,Corythucha,NA,2
105324,131196,spider,6,1,NA,Lost,order,Araneae,NA,NA
105325,131196,other,2,4,NA,"Psocodea, Lost 2",order,Psocodea,NA,0.5
105326,131197,caterpillar,4,1,105326.jpeg,NA,order,Lepidoptera,NA,1.8
105327,131197,beetle,2,1,NA,NA,family,Curculionidae,NA,4.6
105328,131197,leafhopper,6,1,NA,NA,family,Membracidae,NA,38.5
105329,131197,truebugs,2,1,NA,Tingidae,genus,Corythucha,NA,0.6
105332,131204,beetle,4,1,NA,Elateridae,family,Elateridae,NA,2.2
105333,131204,truebugs,2,1,NA,Bright red mite mimic nymph,species,Rhinocapsus vanduzeei,NA,0.8
105334,131205,moths,4,1,NA,NA,order,Lepidoptera,NA,1.5
105335,131207,other,11,1,NA,Ephemeroptera,order,Ephemeroptera,NA,10.7
105336,131208,ant,3,3,NA,NA,species,Prenolepis imparis,NA,4.6
105337,131209,moths,4,1,NA,NA,order,Lepidoptera,NA,2.2
105338,131210,beetle,10,1,NA,NA,family,Elateridae,NA,27.9
105339,131212,beetle,11,1,NA,Elateridae,family,Elateridae,NA,33.2
105340,131214,beetle,2,1,NA,NA,family,Tenebrionidae,NA,0.8
105341,131214,beetle,3,1,NA,NA,family,Melyridae,NA,0.6
105342,131215,ant,5,1,NA,NA,genus,Paratrechina,NA,3.6
105343,131216,beetle,8,1,NA,Elateridae,family,Elateridae,NA,13.2
105344,131221,other,2,1,NA,Psocodea,order,Psocodea,NA,0.9
105345,131222,ant,3,1,NA,NA,species,Prenolepis imparis,NA,1
105346,131224,other,12,1,NA,Plecoptera,family,Perlidae,NA,14.8
105347,131225,ant,3,1,NA,NA,species,Prenolepis imparis,NA,0.7
105348,131225,fly,4,1,NA,NA,family,Conopidae,NA,5.5
105349,131226,spider,2,1,NA,NA,family,Anyphaenidae,NA,2.3
105350,131226,spider,3,1,NA,NA,family,Anyphaenidae,NA,3.2
105432,131311,truebugs,4,1,NA,NA,family,Miridae,NA,6.9
105435,131315,truebugs,2,2,NA,NA,genus,Corythucha,NA,2.3
105436,131318,other,2,1,NA,Psocodea,order,Psocodea,NA,0.8
105437,131321,bee,2,1,NA,NA,order,Hymenoptera,NA,0.3
105438,131321,ant,3,1,NA,Lost,family,Formicidae,NA,NA
105439,131321,spider,5,1,NA,NA,species,Hibana gracilis,NA,9.1
105440,131322,truebugs,2,1,NA,Tingidae,genus,Corythucha,NA,0.6
105442,131325,beetle,3,1,NA,NA,family,Saldidae,NA,0.8
105443,131326,beetle,2,1,NA,NA,family,Coccinellidae,NA,3
105444,131327,other,3,3,Lost 1,"Trichoptera, all same, lost 1",order,Trichoptera,NA,1.8
105445,131327,beetle,2,1,NA,NA,family,Coccinellidae,larva,1
105446,131329,beetle,3,3,NA,NA,family,Mordellidae,NA,4.8
205446,131329,NA,NA,NA,NA,NA,family,Chrysomelidae,NA,2.3
105447,131329,spider,4,1,NA,NA,family,Tetragnathidae,NA,3.1
105448,131330,ant,6,1,NA,NA,genus,Formica,NA,7.8
105449,131332,spider,3,1,NA,NA,family,Anyphaenidae,NA,2.8
105450,131333,beetle,5,1,NA,Redbud borer,species,Ptosima gibbicollis,NA,16.8
105451,131334,bee,3,1,NA,Lost,order,Hymenoptera,NA,NA
105452,131334,beetle,5,2,NA,Elateridae,family,Elateridae,NA,24.5
105453,131334,truebugs,4,1,NA,NA,family,Miridae,NA,4.5
105454,131336,ant,7,1,NA,NA,genus,Formica,NA,8.3
105519,131423,spider,12,1,NA,NA,family,Tetragnathidae,NA,17
105520,131424,fly,3,1,NA,NA,family,Chironomidae,NA,0.5
105521,131424,spider,3,1,NA,NA,family,Anyphaenidae,NA,2.7
105522,131424,other,2,1,NA,Psocodea,order,Psocodea,NA,0.8
105523,131425,truebugs,4,1,NA,NA,family,Miridae,NA,6.6
105524,131426,bee,2,1,NA,NA,family,Eurytomidae,NA,NA
205524,131426,NA,2,1,NA,NA,order,Diptera,NA,0.9
105525,131427,fly,3,1,NA,NA,family,Chloropidae,NA,1.8
105526,131429,fly,2,1,NA,NA,order,Diptera,NA,0.4
105527,131429,spider,2,1,NA,NA,family,Araneidae,NA,0.6
105528,131433,beetle,2,1,NA,NA,order,Coleoptera,NA,0.5
105529,131433,beetle,4,1,NA,Mordellidae,family,Mordellidae,NA,3
105530,131433,fly,4,1,NA,Mosquito?,order,Chironomidae,NA,0.6
105531,131434,beetle,4,2,NA,Elateridae,family,Elateridae,NA,7.5
105532,131434,spider,2,1,NA,NA,family,Araneidae,NA,0.8
205532,131434,NA,2,1,NA,NA,family,Anyphaenidae,NA,0.7
105533,131434,spider,4,1,NA,NA,species,Hibana gracilis,NA,9.9
105534,131435,leafhopper,4,1,NA,Lost,suborder,Auchenorrhyncha,NA,NA
105535,131436,truebugs,3,1,NA,NA,family,Miridae,nymph,3.6
105536,131436,bee,2,1,NA,NA,family,Braconidae,NA,0.7
105537,131437,beetle,4,1,NA,Elateridae,family,Elateridae,NA,5.3
105538,131437,fly,3,1,NA,NA,family,Asilidae,NA,2.2
105539,131437,truebugs,2,1,NA,NA,family,Miridae,NA,2.3
105540,131438,beetle,2,1,NA,NA,family,Tenebrionidae,NA,0.7
105541,131438,beetle,3,1,NA,Mordellidae,family,Mordellidae,NA,2.6
105542,131439,beetle,2,1,NA,NA,family,Melandryidae,NA,0.1
105543,131439,spider,2,1,NA,NA,family,Araneidae,NA,0.7
105544,131440,beetle,4,1,NA,NA,family,Melandryidae,NA,1.7
105545,131442,ant,6,1,NA,NA,genus,Formica,NA,7.9
105546,131442,spider,5,1,NA,Salticidae,family,Salticidae,NA,5.8
105547,131443,ant,3,1,NA,NA,species,Prenolepis imparis,NA,1.1
105548,131443,truebugs,8,1,NA,NA,family,Cicadellidae,nymph,20.9
105549,131443,truebugs,10,1,NA,NA,species,Banasa calva,NA,92
105550,131445,ant,3,2,NA,NA,species,Prenolepis imparis,NA,2.2
105551,131445,spider,3,2,NA,NA,family,Anyphaenidae,NA,7.4
105552,131446,beetle,3,1,NA,NA,family,Melandryidae,NA,1.1
105553,131446,truebugs,3,1,NA,NA,family,Miridae,NA,2.7
105587,131474,beetle,2,1,NA,NA,family,Tenebrionidae,NA,0.4
105588,131474,ant,3,1,NA,NA,genus,Prenolepis imparis,NA,0.8
105589,131474,fly,2,1,NA,NA,order,Diptera,NA,0.1
105590,131474,other,2,1,NA,Psocodea,order,Psocodea,NA,0.1
105591,131476,beetle,3,1,NA,NA,species,Microtonus sericans,NA,0.1
105599,131489,beetle,3,1,NA,NA,species,Microtonus sericans,NA,1.2
105606,131493,ant,3,1,NA,NA,genus,Crematogaster,NA,0.5
105607,131493,truebugs,15,1,105607.jpeg,Zelus luridus,species,Zelus luridus,NA,110.2
105608,131493,other,2,1,NA,Psocodea,order,Psocodea,NA,0.5
105624,131509,spider,5,1,NA,NA,species,Hibana gracilis,NA,13.4
105632,131519,spider,4,1,NA,NA,family,Salticidae,NA,5.2
105633,131519,leafhopper,6,1,NA,NA,family,Cicadellidae,NA,15.1
105634,131519,spider,2,1,NA,NA,family,Thomisidae,NA,0.8
105646,131529,beetle,2,1,NA,NA,species,Microtonus sericans,NA,0.6
105647,131529,moths,4,1,NA,Lost,order,Lepidoptera,NA,NA
105653,131534,ant,4,1,NA,NA,genus,Dolichoderus,NA,1.9
105654,131534,beetle,2,1,NA,NA,species,Microtonus sericans,NA,0.5
105655,131534,beetle,4,1,NA,NA,species,Microtonus sericans,NA,1.8
105656,131534,fly,5,1,NA,"Mosquito, lost",family,Culicidae,NA,NA
105658,131537,leafhopper,3,1,NA,Lost,suborder,Auchenorrhyncha,NA,NA
105659,131538,fly,3,1,NA,NA,family,Tephritidae,NA,0.6
105660,131538,spider,2,1,NA,NA,family,Thomisidae,NA,1
105683,131566,spider,4,1,NA,NA,family,Anyphaenidae,NA,3.7
106254,132049,ant,3,2,NA,NA,species,Prenolepis imparis,NA,1.7
106255,132049,spider,2,1,NA,NA,family,Thomisidae,NA,0.7
106256,132049,other,2,1,NA,Psocodea,order,Psocodea,NA,0.4
105684,131567,beetle,3,1,NA,Mordellidae,family,Mordellidae,NA,1.7
105686,131569,beetle,3,1,NA,NA,species,Microtonus sericans,NA,1.6
105687,131569,beetle,5,1,NA,NA,subfamily,Cetoniinae,NA,26.5
105688,131571,beetle,5,1,NA,NA,subfamily,Cetoniinae,NA,19.6
105689,131571,spider,2,1,NA,NA,family,Thomisidae,NA,1.6
105755,131613,ant,9,1,NA,NA,genus,Camponotus,NA,13
105756,131613,leafhopper,2,1,NA,Lost,suborder,Auchenorrhyncha,NA,NA
105757,131615,grasshopper,6,1,NA,NA,genus,Oecanthus,NA,2.5
105758,131615,beetle,2,1,NA,NA,species,Microtonus sericans,NA,1.2
105759,131618,ant,5,1,NA,NA,genus,Camponotus,NA,4.8
105760,131618,other,2,1,NA,Psocodea,order,Psocodea,NA,0
105761,131620,beetle,5,1,NA,Elateridae,family,Elateridae,NA,6.5
105762,131622,beetle,3,1,NA,Mordellidae,family,Mordellidae,NA,2.7
105763,131622,aphid,2,1,NA,Apidae,family,Aphididae,NA,0.6
105764,131623,beetle,5,1,NA,Elateridae,family,Elateridae,NA,10.8
105765,131623,beetle,3,1,NA,Mordellidae,family,Mordellidae,NA,2.3
105766,131623,daddylonglegs,3,1,NA,NA,family,Phalangiidae,NA,14.1
105767,131624,daddylonglegs,3,1,NA,NA,family,Phalangiidae,NA,8
105768,131626,ant,5,1,NA,NA,genus,Formica,NA,5.9
105769,131628,daddylonglegs,4,1,NA,NA,family,Phalangiidae,NA,18.2
105770,131630,beetle,2,1,NA,NA,family,Curculionidae,NA,2
105771,131631,spider,2,1,NA,Web inside loose leaf roll,family,Araneidae,NA,3.3
205771,131627,beetle,3,1,NA,NA,species,Microtonus sericans,NA,0.5
105772,131634,beetle,2,1,NA,NA,species,Microtonus sericans,NA,0.5
105773,131634,other,3,1,NA,Psocodea,order,Psocodea,NA,0.7
105774,131635,bee,2,2,NA,Lost 1,family,Braconidae,NA,0.3
205774,131635,beetle,13,1,NA,NA,family,Elateridae,NA,59.3
106021,131878,grasshopper,3,1,NA,NA,family,Gryllidae,NA,5.3
106022,131878,truebugs,2,1,NA,NA,species,Boisea trivittata,NA,1.2
106023,131881,beetle,2,1,NA,NA,species,Microtonus sericans,NA,0.9
106024,131882,ant,3,1,NA,NA,genus,Crematogaster,NA,0.5
106025,131883,spider,2,1,NA,NA,family,Tetragnathidae,NA,0.1
106026,131884,bee,2,1,NA,NA,family,Braconidae,NA,0
106027,131884,beetle,4,1,NA,Mordellidae,order,Coleoptera,NA,2.5
106028,131884,spider,2,2,NA,NA,order,Araneae,NA,1.1
106029,131884,leafhopper,4,1,NA,Lost,suborder,Auchenorrhyncha,NA,NA
106030,131885,ant,4,1,NA,NA,genus,Camponotus,NA,2.8
106031,131885,leafhopper,3,1,NA,NA,family,Cicadellidae,NA,2.7
106032,131885,other,2,1,NA,Psocodea,order,Psocodea,NA,0.1
106033,131886,beetle,2,1,NA,NA,species,Microtonus sericans,NA,1.8
106034,131886,bee,3,1,NA,NA,family,Braconidae,NA,1
106035,131887,ant,5,1,NA,"Lost, Camponotus or Formica",family,Formicidae,NA,NA
206036,131887,spider,2,1,NA,NA,family,Thomisidae,NA,0.6
106036,131887,spider,2,3,NA,NA,family,Clubionidae,NA,3.9
106037,131887,beetle,2,2,NA,NA,family,Curculionidae,NA,5.3
106038,131888,beetle,2,1,NA,NA,family,Coccinellidae,NA,1.3
106039,131888,beetle,3,1,NA,NA,species,Microtonus sericans,NA,0.4
106040,131889,ant,3,1,NA,NA,species,Prenolepis imparis,NA,0.1
106041,131890,spider,2,1,NA,NA,family,Araneidae,NA,1.5
106042,131891,ant,4,1,NA,NA,genus,Camponotus,NA,3.3
106043,131893,spider,10,1,NA,NA,family,Tetragnathidae,NA,11.7
106044,131895,beetle,5,1,NA,Elateridae,family,Elateridae,NA,9.1
106045,131896,other,3,1,NA,Trichoptera,order,Trichoptera,NA,0.3
106046,131897,leafhopper,2,1,NA,NA,family,Cicadellidae,NA,1
106047,131897,leafhopper,3,1,NA,NA,family,Cicadellidae,NA,1.6
106048,131897,beetle,2,1,NA,NA,species,Microtonus sericans,NA,2.4
106049,131898,truebugs,3,1,NA,Miridae,family,Miridae,NA,1.7
106050,131898,grasshopper,2,1,NA,NA,family,Gryllidae,NA,0
106051,131898,other,10,1,NA,Plecoptera,genus,Perlesta,NA,4.4
106052,131899,other,10,1,NA,"Plecoptera, same as previous survey, lost",genus,Perlesta,NA,NA
106053,131901,beetle,2,1,NA,NA,species,Microtonus sericans,NA,1
106054,131901,daddylonglegs,3,1,NA,NA,family,Phalangiidae,NA,17.5
106055,131901,beetle,2,1,NA,NA,family,Curculionidae,NA,2.7
106169,131983,grasshopper,5,1,NA,NA,family,Gryllidae,NA,0.7
106170,131983,spider,5,1,NA,NA,family,Anyphaenidae,NA,1.8
106171,131984,ant,5,1,NA,NA,genus,Camponotus,NA,2.2
106172,131987,beetle,6,1,NA,Elateridae,family,Elateridae,NA,12.6
106173,131987,truebugs,2,1,NA,NA,suborder,Heteroptera,NA,0
106176,131990,beetle,4,1,NA,Elateridae,family,Elateridae,NA,2.8
106177,131990,spider,2,1,NA,NA,family,Thomisidae,NA,0.9
106181,131993,beetle,7,1,NA,Lampyridae,species,Rhagonycha mollis,NA,5.7
106182,131994,beetle,12,1,NA,Elateridae,family,Elateridae,NA,36
106183,131995,other,2,5,NA,Psocodea,order,Psocodea,NA,2.7
106184,131996,beetle,5,1,NA,Mordellidae,family,Mordellidae,NA,4.6
106185,131997,beetle,6,1,NA,Lampyridae,species,Rhagonycha mollis,NA,5.9
106186,131998,spider,5,1,NA,Hibana gracilis,species,Hibana gracilis,NA,8.4
106187,131999,spider,2,1,NA,NA,family,Araneidae,NA,1.3
106188,132002,beetle,4,1,NA,Elateridae,family,Elateridae,NA,3.4
106189,132002,spider,2,1,NA,NA,NA,Araneae,NA,1.8
106190,132003,ant,5,1,NA,NA,genus,Camponotus,NA,2.1
106191,132004,beetle,5,3,NA,Elateridae,family,Elateridae,NA,32
106192,132004,beetle,4,1,NA,Elateridae,family,Elateridae,NA,4.8
106193,132004,beetle,2,1,NA,NA,species,Microtonus sericans,NA,0.1
206193,132004,spider,3,1,NA,NA,family,Tetragnathidae,NA,3.4
106194,132005,beetle,3,1,NA,NA,order,Psocodea,NA,1.2
106195,132005,beetle,5,1,NA,Elateridae,family,Elateridae,NA,11.7
106196,132005,spider,2,1,NA,NA,family,Araneidae,NA,0.5
106197,132006,ant,3,1,NA,NA,genus,Crematogaster,NA,0.7
106198,132006,beetle,2,1,NA,NA,species,Microtonus sericans,NA,1.7
106199,132006,spider,4,1,NA,NA,family,Anyphaenidae,NA,2.6
106203,132010,beetle,3,1,NA,"Mordellidae, lost",family,Mordellidae,NA,NA
106204,132010,beetle,4,1,NA,Lost,order,Coleoptera,NA,NA
106205,132010,spider,4,1,NA,NA,family,Anyphaenidae,NA,3.7
106208,132012,ant,6,2,NA,NA,genus,Formica,NA,14
106209,132012,beetle,3,1,NA,Mordellidae,family,Mordellidae,NA,2.6
106210,132012,beetle,4,1,NA,Elateridae,family,Elateridae,NA,4.7
106211,132014,beetle,4,1,NA,Elateridae,family,Elateridae,NA,5.1
106212,132015,ant,3,2,NA,NA,genus,Crematogaster,NA,2.1
106213,132015,daddylonglegs,3,1,NA,NA,family,Phalangiidae,NA,20.4
107374,132748,beetle,5,1,NA,"Lampyridae, lost",order,Coleoptera,NA,NA
106477,132213,beetle,2,1,NA,Lost,order,Coleoptera,NA,NA
106478,132213,beetle,3,1,NA,NA,family,Staphylinidae,NA,0.5
106479,132213,other,3,1,NA,Psocodea,order,Psocodea,NA,1.7
106480,132214,beetle,4,1,NA,NA,species,Microtonus sericans,NA,3.3
106481,132214,spider,3,1,NA,NA,family,Araneidae,NA,5.5
106482,132214,unidentified,8,1,NA,Lost,NA,NA,NA,NA
106483,132215,leafhopper,2,1,NA,"Cicadellidae, lost",family,Cicadellidae,NA,NA
106484,132215,daddylonglegs,4,1,NA,NA,family,Phalangiidae,NA,31.2
106485,132215,beetle,2,1,NA,NA,family,Curculionidae,NA,3.1
106486,132215,daddylonglegs,3,1,NA,NA,family,Phalangiidae,NA,5.9
106487,132215,grasshopper,3,1,NA,NA,family,Gryllidae,NA,0.9
106490,132218,beetle,4,1,NA,Mordellidae,family,Mordellidae,NA,2.8
106500,132223,leafhopper,3,1,NA,NA,family,Cicadellidae,NA,2.6
106501,132223,unidentified,5,1,NA,Lost,NA,NA,NA,NA
106504,132227,moths,4,1,NA,Lost,order,Lepidoptera,NA,NA
106506,132232,aphid,2,1,NA,NA,family,Aphididae,NA,0.9
106509,132234,beetle,3,1,NA,Mordellidae,family,Mordellidae,NA,1
106510,132234,beetle,4,1,NA,"Mordellidae, lost",family,Mordellidae,NA,NA
106520,132238,other,3,1,NA,Psocodea,order,Psocodea,NA,1.5
106521,132238,aphid,2,1,NA,NA,family,Aphididae,NA,1.2
106522,132238,spider,5,1,NA,NA,family,Anyphaenidae,NA,3.9
106523,132239,daddylonglegs,4,1,NA,NA,family,Phalangiidae,NA,17.4
106526,132241,beetle,5,1,NA,"Lampyridae, lost",family,Cantharidae,NA,NA
106527,132241,beetle,4,1,NA,Mordellidae,family,Mordellidae,NA,4.3
106528,132241,moths,6,1,NA,NA,order,Lepidoptera,NA,2.1
106532,132243,leafhopper,2,1,NA,NA,family,Cicadellidae,NA,2.5
106533,132243,moths,5,1,NA,NA,order,Lepidoptera,NA,3.9
106540,132246,beetle,3,2,NA,NA,species,Microtonus sericans,NA,2.6
106541,132246,beetle,2,1,NA,NA,family,Curculionidae,NA,4
106542,132246,beetle,3,1,NA,NA,family,Staphylinidae,NA,2.1
106543,132246,beetle,6,1,NA,Elateridae,family,Elateridae,NA,11.2
106544,132246,beetle,4,1,NA,Elateridae,family,Elateridae,NA,5
106546,132250,spider,4,1,NA,Lost,order,Araneae,NA,NA
106547,132250,spider,5,1,NA,Lost,order,Araneae,NA,NA
106548,132250,beetle,10,1,NA,"Lampyridae, lost",family,Cantharidae,NA,NA
106549,132250,leafhopper,2,1,NA,"Cicadellidae, lost",family,Cicadellidae,NA,NA
106550,132250,ant,4,1,NA,NA,genus,Camponotus,NA,2.3
106551,132250,spider,2,1,NA,NA,family,Araneidae,NA,1.2
106561,132255,beetle,2,2,NA,NA,species,Microtonus sericans,NA,1.2
106562,132255,beetle,3,1,NA,NA,species,Microtonus sericans,NA,2.2
106563,132257,beetle,2,1,NA,NA,family,Curculionidae,NA,2.3
106564,132257,beetle,3,1,NA,Mordellidae,family,Mordellidae,NA,2.2
106565,132257,beetle,5,1,NA,Elateridae,family,Elateridae,NA,5.6
106566,132257,beetle,5,1,NA,NA,species,Isomira pulla,NA,5
106569,132259,beetle,5,2,NA,Elateridae,family,Elateridae,NA,12.8
106570,132260,beetle,11,1,NA,Lampyridae,family,Cantharidae,NA,36.8
106764,132398,beetle,3,1,NA,NA,species,Microtonus sericans,NA,1.2
106765,132398,beetle,3,1,NA,Mordellidae,family,Mordellidae,NA,2.1
106766,132398,beetle,4,1,NA,Elateridae,family,Elateridae,NA,5.1
106767,132398,beetle,5,1,NA,Elateridae,family,Elateridae,NA,6.7
206767,132399,ant,8,1,NA,NA,genus,Camponotus,NA,17.9
106768,132399,ant,7,1,NA,NA,genus,Formica,NA,10
106769,132399,beetle,4,1,NA,Elateridae,family,Elateridae,NA,6
106770,132399,truebugs,2,1,NA,nymph,suborder,Heteroptera,NA,0.5
106777,132404,beetle,3,1,NA,Mordellidae,family,Mordellidae,NA,3.2
106778,132404,beetle,4,1,NA,Elateridae,family,Elateridae,NA,3.9
106779,132406,beetle,4,1,NA,Elateridae,family,Elateridae,NA,6.1
106780,132406,spider,2,1,NA,Irregular stringy web on branch,family,Araneidae,NA,0.8
106783,132408,beetle,4,1,NA,Elateridae,family,Elateridae,NA,2.7
106784,132408,ant,3,1,NA,NA,genus,Crematogaster,NA,1.2
106785,132408,ant,3,1,NA,NA,species,Prenolepis imparis,NA,0.2
106788,132410,grasshopper,3,1,NA,"Cricket, extremely long antennae, lost",family,Gryllidae,NA,NA
106789,132410,ant,3,1,NA,NA,species,Prenolepis imparis,NA,0.5
106790,132410,spider,2,1,NA,NA,family,Thomisidae,NA,0.8
106795,132413,beetle,5,1,NA,Elateridae,family,Elateridae,NA,9.5
106796,132414,ant,4,2,NA,NA,genus,Camponotus,NA,4.2
106797,132415,beetle,5,1,NA,Elateridae,family,Elateridae,NA,5.7
106826,132431,beetle,3,1,NA,Mordellidae,family,Mordellidae,NA,2.2
106830,132436,beetle,5,1,NA,Lampyridae,species,Rhagonycha mollis,NA,12.1
206830,132436,spider,2,2,NA,NA,family,Thomisidae,NA,2.2
106831,132436,beetle,4,1,NA,Elateridae,family,Elateridae,NA,3.8
106832,132439,beetle,6,2,NA,Lampyridae,species,Rhagonycha mollis,NA,17.5
106833,132439,other,2,1,NA,Psocodea,order,Psocodea,NA,0.4
106834,132439,other,3,1,NA,Psocodea,order,Psocodea,NA,1.7
106835,132443,beetle,2,1,NA,NA,species,Microtonus sericans,NA,0.9
106843,132450,other,3,1,NA,Psocodea,order,Psocodea,NA,0.2
106846,132452,daddylonglegs,5,1,NA,NA,family,Phalangiidae,NA,53.6
106847,132453,beetle,3,1,NA,NA,species,Microtonus sericans,NA,1.4
106848,132453,spider,3,1,NA,NA,family,Araneidae,NA,1.7
107306,132711,beetle,4,1,NA,Elateridae,family,Elateridae,NA,NA
107307,132711,beetle,3,1,NA,Mordellidae,family,Mordellidae,NA,NA
107308,132711,grasshopper,2,1,NA,NA,NA,NA,NA,NA
107322,132721,grasshopper,3,1,NA,NA,NA,NA,NA,NA
107323,132721,spider,2,1,NA,NA,NA,Araneae,NA,NA
107324,132722,grasshopper,3,1,NA,NA,NA,NA,NA,NA
107325,132722,truebugs,3,1,NA,NA,suborder,NA,NA,NA
107326,132722,other,2,1,NA,Psocodea,order,Psocodea,NA,NA
107327,132723,beetle,3,1,NA,NA,NA,NA,NA,NA
107328,132723,beetle,4,1,NA,Elateridae,family,Elateridae,NA,NA
107329,132723,other,4,1,NA,Brown lacewing,NA,NA,NA,NA
107331,132726,beetle,5,1,NA,Elateridae,family,Elateridae,NA,NA
107332,132726,beetle,7,1,NA,Lampyridae,order,Coleoptera,NA,NA
107333,132726,beetle,9,1,NA,"Lampyridae, lost",order,Coleoptera,NA,NA
107334,132726,spider,4,1,NA,NA,NA,Araneae,NA,NA
107341,132729,beetle,3,1,NA,Elateridae,family,Elateridae,NA,NA
107342,132729,beetle,4,1,NA,Elateridae,family,Elateridae,NA,NA
107343,132729,beetle,5,1,NA,Elateridae,family,Elateridae,NA,NA
107344,132731,ant,5,1,NA,NA,family,Formicidae,NA,NA
107345,132731,beetle,4,1,NA,Mordellidae,family,Mordellidae,NA,NA
107346,132731,beetle,3,1,NA,NA,NA,NA,NA,NA
107347,132731,truebugs,3,1,NA,Lost,suborder,Heteroptera,NA,NA
107348,132732,beetle,2,2,NA,NA,NA,NA,NA,NA
107349,132732,beetle,5,1,NA,Lampyridae,order,Coleoptera,NA,NA
107350,132732,beetle,7,1,NA,"Lampyridae, lost",order,Coleoptera,NA,NA
107351,132732,spider,2,1,NA,NA,NA,Araneae,NA,NA
107352,132732,beetle,5,1,NA,"Elateridae, lost",family,Elateridae,NA,NA
107353,132733,beetle,5,1,NA,Elateridae,family,Elateridae,NA,NA
107354,132734,beetle,2,1,NA,NA,NA,NA,NA,NA
107355,132734,beetle,4,1,NA,Elateridae,family,Elateridae,NA,NA
107356,132735,beetle,2,1,NA,NA,NA,NA,NA,NA
107357,132735,beetle,4,1,NA,Mordellidae,family,Mordellidae,NA,NA
107358,132736,spider,4,1,NA,NA,NA,Araneae,NA,NA
107359,132737,ant,4,1,NA,Lost,family,Formicidae,NA,NA
107360,132737,beetle,5,1,NA,Lampyridae,order,Coleoptera,NA,NA
107361,132738,beetle,5,1,NA,Lampyridae,order,Coleoptera,NA,NA
107362,132739,beetle,3,1,NA,"Mordellidae, lost",family,Mordellidae,NA,NA
107366,132743,leafhopper,3,1,NA,"Cicadellidae, lost",suborder,Auchenorrhyncha,NA,NA
107367,132744,grasshopper,3,1,NA,"Cricket, lost",order,NA,NA,NA
107368,132745,beetle,4,1,NA,Mordellidae,family,Mordellidae,NA,NA
107369,132745,beetle,5,1,NA,Elateridae,family,Elateridae,NA,NA
107370,132745,bee,4,1,NA,NA,NA,Hymenoptera,NA,NA
107371,132746,beetle,4,1,NA,Mordellidae,family,Mordellidae,NA,NA
107372,132746,moths,3,1,NA,NA,NA,Lepidoptera,NA,NA
107375,132748,daddylonglegs,3,2,NA,NA,NA,Opiliones,NA,NA
107958,133017,beetle,6,1,NA,Elateridae,family,Elateridae,NA,NA
107959,133017,unidentified,2,1,NA,Green w black head and clear wings,NA,NA,NA,NA
107960,133019,beetle,6,1,NA,Lampyridae,order,Coleoptera,NA,NA
107961,133019,beetle,5,1,NA,Elateridae,family,Elateridae,NA,NA
107962,133019,spider,2,1,NA,NA,NA,Araneae,NA,NA
107963,133019,other,2,1,NA,Psocodea,order,Psocodea,NA,NA
107964,133020,beetle,2,1,NA,NA,NA,NA,NA,NA
107965,133021,beetle,7,2,NA,Lampyridae,order,Coleoptera,NA,NA
107966,133022,spider,2,1,NA,NA,NA,Araneae,NA,NA
107967,133022,other,2,1,NA,Psocodea,order,Psocodea,NA,NA
107968,133023,beetle,6,1,NA,NA,NA,NA,NA,NA
107969,133024,beetle,7,2,NA,Elateridae,family,Elateridae,NA,NA
107970,133025,beetle,7,1,NA,Lampyridae,order,Coleoptera,NA,NA
107971,133025,beetle,6,2,NA,Elateridae,family,Elateridae,NA,NA
107972,133025,beetle,5,1,NA,Elateridae,family,Elateridae,NA,NA
107973,133027,beetle,2,1,NA,NA,NA,NA,NA,NA
107974,133027,beetle,3,1,NA,NA,NA,NA,NA,NA
107975,133027,beetle,4,1,NA,Mordellidae,family,Mordellidae,NA,NA
107976,133027,beetle,6,1,NA,Elateridae,family,Elateridae,NA,NA
107977,133028,beetle,4,1,NA,Elateridae,family,Elateridae,NA,NA
107978,133028,other,3,1,NA,"Psocodea, lost",order,Psocodea,NA,NA
107979,133029,beetle,7,1,NA,Elateridae,family,Elateridae,NA,NA
107985,133035,beetle,4,1,NA,Elateridae,family,Elateridae,NA,NA
107986,133035,beetle,5,1,NA,Elateridae,family,Elateridae,NA,NA
107987,133035,beetle,4,1,NA,"Mordellidae, lost",family,Mordellidae,NA,NA
107988,133035,beetle,6,1,NA,Lampyridae,order,Coleoptera,NA,NA
107993,133038,beetle,7,3,NA,Elateridae,family,Elateridae,NA,NA
107994,133038,beetle,5,1,NA,NA,NA,NA,NA,NA
107995,133038,beetle,4,1,NA,NA,NA,NA,NA,NA
107996,133038,beetle,4,2,NA,Mordellidae,family,Mordellidae,NA,NA
107997,133038,beetle,3,1,NA,Mordellidae,family,Mordellidae,NA,NA
107998,133038,spider,4,1,NA,NA,NA,Araneae,NA,NA
107999,133038,aphid,2,1,NA,Apidae,suborder,Sternorrhyncha,NA,NA
108001,133040,spider,3,1,NA,Lost,order,Araneae,NA,NA
108002,133040,beetle,7,2,NA,Elateridae,family,Elateridae,NA,NA
108003,133040,beetle,7,2,NA,Lampyridae,order,Coleoptera,NA,NA
108004,133040,beetle,5,1,NA,Elateridae,family,Elateridae,NA,NA
108005,133040,ant,3,2,NA,NA,family,Formicidae,NA,NA
108006,133041,beetle,7,1,NA,Elateridae,family,Elateridae,NA,NA
108007,133041,beetle,6,1,NA,Elateridae,family,Elateridae,NA,NA
108008,133041,beetle,5,1,NA,Elateridae,family,Elateridae,NA,NA
108014,133045,fly,6,1,NA,"Leggy, lost",order,Diptera,NA,NA
108015,133045,ant,5,1,NA,NA,family,Formicidae,NA,NA
108016,133045,leafhopper,3,1,NA,Lost,suborder,Auchenorrhyncha,NA,NA
108017,133045,spider,2,1,NA,NA,NA,Araneae,NA,NA
108020,133047,ant,5,1,NA,NA,family,Formicidae,NA,NA
108021,133049,beetle,2,1,NA,NA,NA,NA,NA,NA
108022,133049,beetle,3,1,NA,Mordellidae,family,Mordellidae,NA,NA
108023,133049,beetle,4,1,NA,"Mordellidae, lost",family,Mordellidae,NA,NA
108028,133051,beetle,6,1,NA,Elateridae,family,Elateridae,NA,NA
108029,133051,spider,3,1,NA,NA,NA,Araneae,NA,NA
108228,133242,truebugs,5,1,NA,"Lost, Tingidae?",suborder,Tingidae,NA,NA
108229,133243,beetle,5,1,NA,NA,NA,NA,NA,NA
108230,133243,beetle,2,1,NA,Mordellidae,family,Mordellidae,NA,NA
108231,133244,leafhopper,3,2,NA,Lost 1,suborder,Auchenorrhyncha,NA,NA
108232,133245,beetle,6,1,NA,Elateridae,family,Elateridae,NA,NA
108233,133245,beetle,7,1,NA,Elateridae,family,Elateridae,NA,NA
108234,133245,spider,2,1,NA,NA,NA,Araneae,NA,NA
108235,133246,fly,6,1,NA,NA,NA,Diptera,NA,NA
108239,133248,beetle,3,1,NA,NA,NA,NA,NA,NA
108240,133248,beetle,2,2,NA,NA,NA,NA,NA,NA
108241,133248,other,2,26,NA,Psocodea,order,Psocodea,NA,NA
108244,133250,beetle,2,1,NA,NA,NA,NA,NA,NA
108245,133250,beetle,2,1,NA,NA,NA,NA,NA,NA
108246,133250,other,2,13,NA,Psocodea,order,Psocodea,NA,NA
108247,133251,other,2,3,NA,Psocodea,order,Psocodea,NA,NA
108249,133253,beetle,2,1,NA,NA,NA,NA,NA,NA
108250,133253,other,2,10,NA,Psocodea,order,Psocodea,NA,NA
108251,133254,beetle,5,1,NA,Curculionidae,order,Coleoptera,NA,NA
108256,133256,leafhopper,3,1,NA,"Cicadellidae, lost",suborder,Auchenorrhyncha,NA,NA
108257,133256,truebugs,4,1,NA,NA,suborder,NA,NA,NA
108258,133256,truebugs,5,1,NA,NA,suborder,NA,NA,NA
108259,133256,other,2,14,NA,Psocodea,order,Psocodea,NA,NA
108260,133257,truebugs,5,1,NA,Miridae,suborder,Heteroptera,NA,NA
108261,133257,fly,5,1,NA,NA,NA,Diptera,NA,NA
108262,133257,other,2,10,NA,Psocodea,order,Psocodea,NA,NA
108271,133259,other,2,6,NA,Psocodea,order,Psocodea,NA,NA
108272,133259,other,10,3,NA,"Mantodea, lost 1",NA,NA,NA,NA
108273,133259,truebugs,2,1,NA,NA,suborder,NA,NA,NA
108274,133259,truebugs,4,1,NA,Miridae,suborder,Heteroptera,NA,NA
108275,133259,spider,5,1,NA,Lost,order,Araneae,NA,NA
108277,133261,other,2,9,NA,Psocodea,order,Psocodea,NA,NA
108278,133261,truebugs,2,2,NA,NA,suborder,NA,NA,NA
108282,133263,other,2,8,NA,Psocodea,order,Psocodea,NA,NA
108283,133263,beetle,2,1,NA,Curculionidae,order,Coleoptera,NA,NA
108284,133263,bee,2,1,NA,NA,NA,Hymenoptera,NA,NA
108294,133267,beetle,2,1,NA,NA,NA,NA,NA,NA
108295,133268,truebugs,2,1,NA,NA,suborder,NA,NA,NA
108296,133268,truebugs,5,1,NA,NA,suborder,NA,NA,NA
108297,133271,other,7,1,NA,Neuroptera larva,NA,NA,NA,NA
108298,133272,spider,5,1,NA,"Salticidae, black with white spots",order,Araneae,NA,NA
108299,133272,beetle,4,1,NA,Elateridae,family,Elateridae,NA,NA
108300,133272,fly,2,1,NA,NA,NA,Diptera,NA,NA
108301,133273,ant,6,1,NA,NA,family,Formicidae,NA,NA
108302,133273,grasshopper,2,1,NA,Had long antennae but broke during capture,order,NA,NA,NA
108303,133276,ant,5,1,NA,Lost,family,Formicidae,NA,NA
108304,133276,moths,5,1,NA,Lost,order,Lepidoptera,NA,NA
108305,133256,other,4,1,NA,Trichoptera,order,Trichoptera,NA,NA
109154,133681,beetle,3,1,NA,NA,NA,NA,NA,NA
109155,133682,beetle,2,2,NA,NA,NA,NA,NA,NA
109156,133682,beetle,4,1,NA,NA,NA,NA,NA,NA
109157,133682,beetle,7,1,NA,Elateridae,family,Elateridae,NA,NA
109158,133683,other,3,1,NA,Neuroptera larva,NA,NA,NA,NA
109159,133684,grasshopper,3,1,NA,Oecanthus,order,Orthoptera,NA,NA
109160,133685,beetle,4,2,NA,NA,NA,NA,NA,NA
109161,133685,beetle,6,1,NA,Elateridae,family,Elateridae,NA,NA
109162,133685,beetle,3,1,NA,Mordellidae,family,Mordellidae,NA,NA
109166,133688,beetle,6,1,NA,NA,NA,NA,NA,NA
109167,133688,beetle,7,1,NA,NA,NA,NA,NA,NA
109171,133691,grasshopper,3,1,NA,NA,NA,Orthoptera,NA,NA
109172,133692,beetle,2,1,NA,NA,NA,NA,NA,NA
109173,133692,beetle,5,1,NA,NA,NA,NA,NA,NA
109174,133692,other,2,2,NA,Psocodea,order,Psocodea,NA,NA
109177,133694,other,2,3,NA,Psocodea,order,Psocodea,NA,NA
109178,133694,beetle,6,1,NA,Elateridae,family,Elateridae,NA,NA
109179,133695,beetle,4,1,NA,Coccinellidae,order,Coleoptera,NA,NA
109180,133695,truebugs,3,1,NA,NA,suborder,NA,NA,NA
109181,133695,other,2,1,NA,Psocodea,order,Psocodea,NA,NA
109183,133697,bee,4,1,NA,Lost,order,Hymenoptera,NA,NA
109184,133697,leafhopper,3,1,NA,Lost,suborder,Auchenorrhyncha,NA,NA
109185,133697,beetle,7,1,NA,"Elateridae, lost",family,Elateridae,NA,NA
109186,133697,other,10,3,NA,Mantodea,NA,NA,NA,NA
109187,133697,other,2,5,NA,Psocodea,order,Psocodea,NA,NA
109188,133698,other,2,7,NA,Psocodea,order,Psocodea,NA,NA
109189,133698,unidentified,4,1,NA,"Larva, white velvety on back",NA,NA,NA,NA
109190,133698,bee,2,1,NA,Lost,order,Hymenoptera,NA,NA
109191,133698,beetle,2,1,NA,Staphylinidae,order,Coleoptera,NA,NA
109192,133699,other,2,12,NA,Psocodea,order,Psocodea,NA,NA
109193,133699,bee,2,1,NA,NA,NA,Hymenoptera,NA,NA
109194,133699,bee,3,1,NA,"Lost, same as 2mm",order,Hymenoptera,NA,NA
109195,133699,beetle,3,2,NA,NA,NA,NA,NA,NA
109201,133701,beetle,2,1,NA,Coccinellidae,order,Coleoptera,NA,NA
109202,133701,beetle,4,1,NA,Curculionidae,order,Coleoptera,NA,NA
109203,133701,other,2,1,NA,Psocodea,order,Psocodea,NA,NA
109204,133702,other,2,8,NA,Psocodea,order,Psocodea,NA,NA
109206,133704,other,2,8,NA,Psocodea,order,Psocodea,NA,NA
109207,133706,truebugs,4,1,NA,"Miridae, lost",suborder,Heteroptera,NA,NA
109208,133706,other,2,9,NA,Psocodea,order,Psocodea,NA,NA
109209,133706,beetle,2,2,NA,NA,NA,NA,NA,NA
109213,133709,other,2,12,NA,Psocodea,order,Psocodea,NA,NA
109214,133709,spider,3,1,NA,Salticidae,order,Araneae,NA,NA
109215,133709,spider,5,1,NA,Salticidae,order,Araneae,NA,NA
109216,133709,beetle,3,2,NA,NA,NA,NA,NA,NA
109224,133713,beetle,3,1,NA,NA,NA,NA,NA,NA
109225,133713,other,2,2,NA,Psocodea,order,Psocodea,NA,NA
109233,133716,beetle,3,1,NA,NA,NA,NA,NA,NA
109234,133716,truebugs,7,2,NA,NA,suborder,NA,NA,NA
109235,133716,other,2,3,NA,Psocodea,order,Psocodea,NA,NA
109236,133717,truebugs,6,1,NA,NA,suborder,NA,NA,NA
109237,133719,truebugs,5,1,NA,Lost,suborder,Heteroptera,NA,NA
109238,133719,grasshopper,2,2,NA,NA,NA,Orthoptera,NA,NA
109239,133719,leafhopper,2,2,NA,Lost 1,suborder,Auchenorrhyncha,NA,NA
109559,133851,beetle,2,2,NA,Mordellidae,family,Mordellidae,NA,NA
109560,133851,fly,2,1,NA,NA,order,Diptera,NA,NA
109561,133852,fly,4,1,NA,NA,order,Diptera,NA,NA
109562,133852,beetle,2,1,NA,NA,order,Coleoptera,NA,NA
109563,133852,beetle,2,1,NA,Mordellidae,family,Mordellidae,NA,NA
109564,133852,ant,2,1,NA,NA,family,Formicidae,NA,NA
109565,133852,leafhopper,2,1,NA,NA,suborder,Auchenorrhyncha,NA,NA
109566,133852,other,2,1,NA,Psocodea,order,Psocodea,NA,NA
109567,133853,beetle,2,1,NA,NA,order,Coleoptera,NA,NA
109568,133853,other,12,1,NA,Dermaptera,NA,NA,NA,NA
109569,133854,grasshopper,3,1,NA,Gryllidae,order,Orthoptera,NA,NA
109570,133854,beetle,12,1,NA,Elateridae,family,Elateridae,NA,NA
109571,133855,bee,2,1,NA,NA,order,Hymenoptera,NA,NA
109572,133855,other,2,1,NA,Collembola,NA,NA,NA,NA
109573,133855,other,2,1,NA,Psocodea,order,Psocodea,NA,NA
109574,133856,bee,2,1,NA,NA,order,Hymenoptera,NA,NA
109575,133856,other,2,1,NA,Psocodea,order,Psocodea,NA,NA
109576,133857,truebugs,4,1,NA,NA,suborder,Heteroptera,NA,NA
109577,133857,fly,2,1,NA,"Fuzzy wings, lost",order,Diptera,NA,NA
109578,133858,ant,3,8,NA,Crematogaster,family,Formicidae,NA,NA
109579,133858,beetle,5,1,NA,NA,order,Coleoptera,NA,NA
109580,133859,other,5,1,NA,Trichoptera,order,Trichoptera,NA,NA
109581,133859,fly,4,1,NA,Larva,order,Diptera,NA,NA
109582,133859,beetle,3,1,NA,NA,order,Coleoptera,NA,NA
109583,133859,ant,3,1,NA,Crematogaster,family,Formicidae,NA,NA
109584,133860,beetle,3,1,NA,NA,order,Coleoptera,NA,NA
109585,133860,other,2,1,NA,Psocodea,order,Psocodea,NA,NA
109586,133861,other,2,1,NA,Psocodea,order,Psocodea,NA,NA
109587,133862,truebugs,3,1,NA,NA,suborder,Heteroptera,NA,NA
109588,133865,fly,5,1,NA,Chironomidae,order,Diptera,NA,NA
109589,133865,other,2,1,NA,Psocodea,order,Psocodea,NA,NA
109590,133866,other,2,3,NA,Psocodea,order,Psocodea,NA,NA
109591,133866,fly,2,1,NA,Fuzzy wings,order,Diptera,NA,NA
109592,133866,ant,3,1,NA,NA,family,Formicidae,NA,NA
109593,133867,ant,3,1,NA,NA,family,Formicidae,NA,NA
109594,133867,truebugs,3,1,NA,Corythucha,suborder,NA,NA,NA
109595,133868,other,2,4,NA,Psocodea,order,Psocodea,NA,NA
109596,133868,truebugs,2,1,NA,Corythucha,suborder,NA,NA,NA
109597,133869,bee,3,1,NA,NA,order,Hymenoptera,NA,NA
109598,133869,spider,4,1,NA,NA,order,Araneae,NA,NA
109599,133870,grasshopper,2,1,NA,Gryllidae,order,Orthoptera,NA,NA
109600,133870,other,2,2,NA,Psocodea,order,Psocodea,NA,NA
109601,133871,beetle,2,1,NA,NA,order,Coleoptera,NA,NA
109602,133871,leafhopper,3,1,NA,NA,suborder,Auchenorrhyncha,NA,NA
109603,133871,other,2,1,NA,Psocodea,order,Psocodea,NA,NA
109604,133872,beetle,3,1,NA,NA,order,Coleoptera,NA,NA
109605,133873,fly,2,2,NA,Lost,order,Diptera,NA,NA
