GroundArthID,PitfallID,TaxonLevel,Taxon,Number,TotalMass,Notes,TaxonID
1,1,family,Stratiomyidae,1,9,larva,130150
2,1,order,Collembola,17,0.8,NA,99237
4,1,subfamily,Scolytinae,2,2.9,NA,678830
5,1,family,Corinnidae,1,1.5,NA,871519
6,2,family,Staphylinidae,1,0.6,NA,113265
7,2,order,Collembola,3,1,NA,99237
8,2,family,Lycosidae,1,58.2,NA,847731
9,3,genus,Armadillidium,1,13.2,NA,93249
10,3,order,Collembola,3,1.2,NA,99237
11,3,subfamily,Scolytinae,2,3.2,NA,678830
12,3,genus,Ceuthophilus,1,316.5,NA,657660
13,4,genus,Armadillidium,3,45.8,NA,93249
14,4,subfamily,Scolytinae,2,2.4,NA,678830
15,4,order,Collembola,9,0.6,NA,99237
16,4,order,Diptera,1,0.1,NA,118831
17,4,genus,Tapinoma,1,0.1,NA,154243
19,5,family,Curculionidae,1,4.4,NA,114666
20,5,family,Rhaphidophoridae,1,5,NA,650504
22,5,family,Apidae,1,0.2,NA,154394
24,5,order,Collembola,12,0.5,NA,99237
26,6,subfamily,Scolytinae,1,1.9,NA,678830
27,6,order,Collembola,3,0.1,NA,99237
28,6,genus,Armadillidium,2,27,NA,93249
29,6,species,Anisolabis maritima,1,50.4,NA,186048
30,7,subfamily,Scolytinae,1,0.1,NA,678830
33,7,family,Curculionidae,1,5.8,NA,114666
34,7,genus,Forelius,4,1.4,NA,573923
35,7,genus,Armadillidium,8,173.5,NA,93249
36,7,genus,Armadillidium,2,139.7,NA,93249
37,7,order,Collembola,6,0.1,NA,99237
38,7,order,Diptera,1,0.1,NA,118831
39,7,family,Cydnidae,1,22.3,NA,108550
42,8,species,Apheloria tigana,3,2738.4,NA,570770
43,8,order,Diptera,1,0.1,NA,118831
44,8,order,Collembola,3,0.5,NA,99237
45,8,suborder,Brachycera,1,0.1,NA,130052
46,8,suborder,Nematocera,1,0.8,NA,118832
48,8,genus,Armadillidium,26,354.5,NA,93249
49,8,genus,Armadillidium,1,113.2,NA,93249
51,9,order,Collembola,8,1.8,NA,99237
54,9,order,Diptera,1,1,NA,118831
55,9,family,Curculionidae,1,2.4,NA,114666
56,9,subfamily,Scolytinae,1,2.2,NA,678830
57,9,genus,Armadillidium,19,155.9,NA,93249
58,9,genus,Porcellio,2,30,NA,93267
62,10,order,Collembola,5,1.3,NA,99237
63,10,genus,Armadillidium,37,358.8,NA,93249
64,10,genus,Armadillidium,5,51.6,NA,93249
65,10,genus,Porcellio,5,90.8,NA,93267
67,10,family,Carabidae,1,197.6,NA,109234
68,13,subfamily,Scolytinae,4,6.5,NA,678830
69,13,order,Collembola,5,0.1,NA,99237
70,13,family,Lycosidae,9,510.6,NA,847731
71,13,genus,Ceuthophilus,1,225.1,NA,657660
72,13,genus,Gryllus,1,538.9,NA,657701
73,12,order,Diptera,1,0.6,NA,118831
74,12,subfamily,Scolytinae,1,1.3,NA,678830
75,12,order,Collembola,1,0.1,NA,99237
76,12,order,Opiliones,1,1.2,NA,82753
78,12,family,Lycosidae,1,45.3,NA,847731
79,12,genus,Ceuthophilus,1,264.9,NA,657660
80,11,subfamily,Scolytinae,10,14,NA,678830
82,11,order,Collembola,17,7.4,NA,99237
83,11,family,Lycosidae,2,8.6,NA,847731
85,11,order,Polydesmida,1,101.1,NA,154416
86,14,family,Apidae,1,0.3,NA,154394
87,14,order,Diptera,1,1,NA,118831
88,14,order,Collembola,19,3.3,NA,99237
89,14,subfamily,Scolytinae,11,14.7,NA,678830
91,14,genus,Armadillidium,1,10.3,NA,93249
93,14,family,Lycosidae,3,56,NA,847731
94,14,species,Narceus americanus,1,1265.3,NA,569659
99,17,genus,Armadillidium,2,48.6,NA,93249
101,15,subfamily,Scolytinae,7,10.7,NA,678830
102,15,order,Collembola,8,3.5,NA,99237
106,15,family,Lycosidae,2,123.2,NA,847731
107,15,genus,Ceuthophilus,1,184.1,NA,657660
108,15,family,Carabidae,1,256.3,NA,109234
109,16,order,Collembola,2,0.1,NA,99237
110,16,family,Chironomidae,7,0.1,NA,127917
111,18,family,Apidae,1,0.9,NA,154394
112,18,family,Chironomidae,1,NA,NA,127917
113,18,order,Collembola,10,2.1,NA,99237
116,18,order,Araneae,1,0.3,NA,82732
119,18,genus,Castianeira,1,14.2,NA,871833
121,18,family,Curculionidae,2,12.8,NA,114666
123,18,genus,Armadillidium,4,58.9,NA,93249
124,19,order,Collembola,2,0.1,NA,99237
125,19,order,Diptera,2,0.2,NA,118831
129,19,order,Polydesmida,2,36.7,NA,154416
130,19,genus,Porcellio,4,68.9,NA,93267
131,19,genus,Armadillidium,9,70.3,NA,93249
132,19,genus,Armadillidium,1,2.1,NA,93249
133,20,superfamily,Armadilloidea,40,7.7,juveniles,621184
134,20,genus,Porcellio,5,161.9,NA,93267
135,20,genus,Armadillidium,10,111.8,NA,93249
140,21,order,Diptera,1,0.8,NA,118831
142,21,family,Curculionidae,1,2.4,NA,114666
145,22,genus,Armadillidium,3,83.5,NA,93249
147,22,order,Polydesmida,1,50.8,NA,154416
149,23,order,Diptera,1,0.3,NA,118831
151,23,genus,Stenamma,1,0.3,NA,574150
152,23,genus,Armadillidium,6,65.3,NA,93249
153,24,order,Collembola,1,0.2,NA,99237
154,24,family,Staphylinidae,1,0,NA,113265
155,26,order,Collembola,6,0.8,NA,99237
156,26,order,Diptera,3,1.8,NA,118831
157,26,subfamily,Scolytinae,3,5.3,NA,678830
162,26,family,Scarabaeidae,1,44.2,NA,114493
164,26,family,Lycosidae,2,151.8,NA,847731
165,27,subfamily,Scolytinae,3,5.2,NA,678830
167,27,genus,Armadillidium,2,22.8,NA,93249
168,27,genus,Gryllus,1,842.4,NA,657701
169,28,subfamily,Scolytinae,2,2.2,NA,678830
171,28,order,Collembola,1,1.4,NA,99237
176,28,genus,Armadillidium,1,13.4,NA,93249
177,29,order,Coleoptera,1,0,larva,109216
178,29,order,Arachnida,3,NA,"mites, lost on scale",1117840
179,29,order,Collembola,1,0.1,NA,99237
182,29,family,Lycosidae,1,48.4,NA,847731
184,30,family,Chironomidae,1,0,NA,127917
185,30,order,Arachnida,1,0.1,mite,1117840
186,30,order,Collembola,1,0,NA,99237
187,30,family,Corinnidae,1,2.5,NA,871519
189,30,superorder,Holometabola,1,9.3,insect larva in case,914213
190,32,subfamily,Scolytinae,2,3.5,NA,678830
191,32,genus,Tetramorium,1,1.4,NA,154245
192,32,genus,Armadillidium,5,141.9,NA,93249
193,32,family,Lycosidae,2,103.5,NA,847731
194,33,subfamily,Scolytinae,3,5.7,NA,678830
195,33,order,Diptera,1,0.4,NA,118831
196,33,order,Diptera,1,1.3,NA,118831
198,33,genus,Armadillidium,26,402.7,NA,93249
199,33,family,Lycosidae,1,82.2,NA,847731
200,34,order,Collembola,16,9,NA,99237
201,34,order,Diptera,1,1.3,NA,118831
202,34,subfamily,Scolytinae,7,12.4,NA,678830
203,34,family,Curculionidae,1,1.6,NA,114666
205,34,species,Apheloria tigana,1,991.8,NA,570770
207,34,genus,Armadillidium,9,193.4,NA,93249
208,34,family,Lycosidae,1,44.5,NA,847731
209,34,genus,Ceuthophilus,1,436,NA,657660
210,35,order,Collembola,17,9.8,NA,99237
211,35,subfamily,Scolytinae,1,1.8,NA,678830
214,35,family,Chironomidae,1,0,NA,127917
215,35,genus,Armadillidium,20,537.4,NA,93249
216,36,order,Collembola,13,5.6,NA,99237
217,36,order,Trichoptera,1,0.2,NA,115095
218,36,order,Diptera,1,0.7,NA,118831
219,36,subphylum,Myriapoda,1,NA,lost during processing,563885
221,36,family,Lycosidae,6,329.2,NA,847731
222,36,subfamily,Scolytinae,22,34.7,NA,678830
226,36,species,Armadillidium nasatum,9,129.2,NA,594387
227,36,family,Carabidae,1,63,elongate mouthparts,109234
228,36,family,Carabidae,1,311.3,NA,109234
229,36,genus,Ceuthophilus,1,292.9,NA,657660
230,37,order,Collembola,4,2.8,NA,99237
231,37,subfamily,Scolytinae,3,4.8,NA,678830
234,37,order,Coleoptera,1,1.1,larva,109216
235,37,species,Armadillidium nasatum,30,449.4,NA,594387
236,37,family,Lycosidae,5,280.8,NA,847731
237,37,genus,Ceuthophilus,3,1361.4,NA,657660
238,38,order,Collembola,1,0.3,NA,99237
239,38,subfamily,Scolytinae,8,13.4,NA,678830
241,38,family,Lycosidae,1,58.5,NA,847731
243,38,genus,Ceuthophilus,6,2118.3,NA,657660
244,38,family,Gnaphosidae,1,0.1,NA,185556
246,39,subfamily,Scolytinae,1,1.9,NA,678830
250,39,order,Collembola,1,0.2,NA,99237
251,39,family,Staphylinidae,1,0.8,NA,113265
254,39,genus,Ceuthophilus,2,620,NA,657660
255,40,class,Arachnida,1,0.4,mite,1117840
256,40,subfamily,Scolytinae,1,1.8,NA,678830
257,40,order,Collembola,3,1,NA,99237
260,40,species,Armadillidium nasatum,1,7.8,NA,594387
261,41,order,Collembola,4,1.1,NA,99237
264,41,subfamily,Scolytinae,13,21.8,NA,678830
265,41,family,Carabidae,1,351.3,NA,109234
266,41,family,Machilidae,1,22.7,NA,99225
267,41,family,Lycosidae,3,121.7,NA,847731
268,42,order,Collembola,1,0,NA,99237
269,42,family,Stratiomyidae,1,0,larva,130150
270,42,subfamily,Scolytinae,7,10.8,NA,678830
272,42,family,Gryllidae,1,1.1,NA,102281
273,42,species,Armadillidium nasatum,1,26.3,NA,594387
274,42,genus,Vonones,1,43.9,NA,1012885
275,42,family,Lycosidae,1,40.6,NA,847731
276,42,genus,Platydracus,1,312.3,NA,8
277,43,order,Collembola,7,2.8,NA,99237
279,43,family,Corinnidae,2,26.5,NA,871519
280,43,family,Lycosidae,6,255.1,NA,847731
281,43,subfamily,Scolytinae,5,7.8,NA,678830
282,43,family,Curculionidae,1,3.8,NA,114666
284,43,species,Armadillidium nasatum,4,84.9,NA,594387
285,44,order,Collembola,41,14.6,NA,99237
286,44,order,Coleoptera,1,0,larva,109216
287,44,subfamily,Scolytinae,18,30.1,NA,678830
288,44,order,Diptera,2,0.7,NA,118831
289,44,species,Phrurotimpus alarius,1,0,NA,887078
291,44,family,Corinnidae,1,11.2,NA,871519
292,44,genus,Castianeira,1,9.7,NA,871833
293,44,family,Lycosidae,2,283.7,NA,847731
296,44,species,Armadillidium nasatum,13,199.5,NA,594387
297,45,order,Collembola,17,7.5,NA,99237
298,45,family,Staphylinidae,2,0.7,NA,113265
299,45,genus,Platydracus,2,795.1,NA,8
300,45,subfamily,Scolytinae,3,4.7,NA,678830
303,45,species,Armadillidium nasatum,5,115.3,NA,594387
304,45,species,Narceus americanus,3,10528.4,NA,569659
305,46,order,Collembola,18,4.4,NA,99237
306,46,subfamily,Scolytinae,6,10.3,NA,678830
307,46,family,Carabidae,1,287.7,NA,109234
308,46,species,Phrurotimpus alarius,2,3.1,NA,887078
309,46,family,Lycosidae,2,127.2,NA,847731
312,46,species,Armadillidium nasatum,38,603.7,NA,594387
313,46,family,Stratiomyidae,3,51,NA,130150
315,46,genus,Ceuthophilus,1,307.4,NA,657660
316,47,order,Collembola,16,6.4,NA,99237
317,47,order,Diptera,3,1.4,NA,118831
318,47,subfamily,Scolytinae,3,2.4,NA,678830
321,47,species,Armadillidium nasatum,17,277.5,NA,594387
322,47,genus,Ceuthophilus,3,1061.2,NA,657660
323,48,order,Collembola,4,2.1,NA,99237
324,48,subfamily,Scolytinae,6,9.9,NA,678830
325,48,order,Diptera,1,1.9,NA,118831
329,48,family,Lycosidae,3,144.5,NA,847731
330,48,genus,Ceuthophilus,6,2660,NA,657660
331,49,order,Collembola,15,8.5,NA,99237
332,49,subfamily,Scolytinae,5,6.8,NA,678830
333,49,order,Diptera,1,1.3,NA,118831
336,49,order,Spirobolida,1,13,NA,154419
337,49,genus,Castianeira,3,57.8,NA,871833
338,49,genus,Ceuthophilus,6,2352.7,NA,657660
339,50,order,Collembola,21,10.1,NA,99237
343,50,family,Stratiomyidae,1,19.1,NA,130150
344,50,species,Armadillidium nasatum,4,48.9,NA,594387
345,50,family,Lycosidae,1,50.8,NA,847731
346,50,genus,Ceuthophilus,3,783.1,NA,657660
347,50,subfamily,Scolytinae,1,2.1,NA,678830
348,51,order,Collembola,11,2.1,NA,99237
349,51,order,Diptera,1,0.4,NA,118831
350,51,order,Diptera,1,0.9,NA,118831
351,51,genus,Tetramorium,5,2.5,NA,154245
354,51,family,Carabidae,1,3.3,NA,109234
355,51,family,Cydnidae,1,22.8,NA,108550
357,51,species,Armadillidium vulgare,26,1062.6,NA,93250
358,51,order,Polydesmida,3,128,NA,154416
359,51,species,Apheloria tigana,1,732.5,NA,570770
360,52,order,Collembola,10,3.6,NA,99237
361,52,order,Araneae,1,0,mite,82732
362,52,family,Drosophilidae,4,5.4,NA,146185
365,52,family,Carabidae,1,238,NA,109234
367,52,species,Armadillidium vulgare,156,4284.1,NA,93250
368,52,family,Cydnidae,1,25.1,NA,108550
370,52,genus,Brachymyrmex,1,0.1,NA,573953
371,52,species,Apheloria tigana,1,878.8,NA,570770
372,53,order,Collembola,4,0.3,NA,99237
373,53,subfamily,Scolytinae,1,1.2,NA,678830
379,53,species,Armadillidium vulgare,7,125.6,NA,93250
380,53,species,Armadillidium nasatum,9,61.3,NA,594387
381,54,order,Collembola,3,2.5,NA,99237
383,54,subfamily,Scolytinae,1,2.1,NA,678830
384,54,family,Dolichopodidae,1,1.2,NA,136824
386,54,species,Armadillidium nasatum,10,278,NA,594387
387,55,order,Collembola,7,2,NA,99237
388,55,order,Diptera,1,0.9,NA,118831
389,55,family,Drosophilidae,1,1.3,NA,146185
390,55,family,Dolichopodidae,1,1.7,NA,136824
391,55,family,Curculionidae,1,1.1,NA,114666
396,56,genus,Solenopsis,2,1.4,NA,154237
397,56,genus,Temnothorax,1,0.5,NA,9
403,56,species,Apheloria tigana,2,1497.1,NA,570770
404,57,order,Collembola,6,0.1,NA,99237
405,57,family,Staphylinidae,1,0.3,NA,113265
409,57,genus,Scarites,1,140.4,NA,109602
411,57,family,Lycosidae,1,0.6,NA,847731
412,57,family,Carcinophoridae,1,28.8,NA,102460
414,57,species,Armadillidium vulgare,177,3714.4,NA,93250
415,58,order,Collembola,1,0.1,NA,99237
416,58,species,Phrurotimpus alarius,1,0.6,NA,887078
419,58,species,Armadillidium nasatum,20,248.6,NA,594387
420,58,species,Armadillidium vulgare,23,629.4,NA,93250
421,59,family,Corinnidae,2,1.6,NA,871519
425,59,species,Armadillidium nasatum,1,31.6,NA,594387
426,59,family,Scarabaeidae,1,93.8,NA,114493
427,60,order,Collembola,2,0.2,NA,99237
429,60,species,Phrurotimpus alarius,1,1,NA,887078
430,60,family,Lycosidae,1,39.3,NA,847731
431,60,family,Stratiomyidae,1,10.7,NA,130150
432,60,species,Armadillidium nasatum,5,131.3,NA,594387
433,61,order,Collembola,2,0.3,NA,99237
434,61,genus,Armadillidium,8,1.3,juveniles,93249
435,61,species,Armadillidium nasatum,36,552.3,NA,594387
436,61,species,Armadillidium vulgare,9,168.8,NA,93250
437,61,species,Phrurotimpus alarius,1,0.6,NA,887078
440,61,genus,Crematogaster,1,0.4,NA,574052
441,61,genus,Forelius,1,1.2,NA,573923
442,61,species,Porcellio scaber,6,97.4,NA,93269
443,62,family,Trogossitidae,2,2.9,NA,678393
447,62,family,Drosophilidae,4,3,NA,146185
448,62,species,Phrurotimpus alarius,2,1.2,NA,887078
449,62,order,Araneae,1,0.5,NA,82732
454,62,species,Porcellio scaber,9,199.3,NA,93269
455,62,species,Armadillidium vulgare,8,77.4,NA,93250
456,62,species,Armadillidium nasatum,174,2012.5,NA,594387
457,63,class,Diplopoda,1,0.5,NA,154409
458,63,order,Polydesmida,1,63,NA,154416
462,63,species,Armadillidium nasatum,9,202.3,NA,594387
463,63,species,Apheloria tigana,5,4554,NA,570770
464,64,order,Collembola,6,1.3,NA,99237
465,64,order,Araneae,2,0.6,mites,82732
466,64,genus,Solenopsis,11,5.2,NA,154237
467,64,genus,Forelius,3,1.5,NA,573923
469,64,family,Cydnidae,1,31,NA,108550
470,64,family,Curculionidae,2,10.7,NA,114666
471,64,species,Armadillidium nasatum,4,83.5,NA,594387
472,64,species,Armadillidium vulgare,8,131.8,NA,93250
475,65,subfamily,Scolytinae,1,1.5,NA,678830
476,65,genus,Stenamma,1,1.4,NA,574150
477,65,family,Drosophilidae,4,4.3,NA,146185
478,65,species,Armadillidium nasatum,10,246.8,NA,594387
479,65,species,Armadillidium vulgare,39,752.9,NA,93250
480,66,order,Collembola,3,0.4,NA,99237
481,66,species,Phrurotimpus alarius,1,0.7,NA,887078
483,66,species,Porcellio scaber,3,58,NA,93269
484,66,species,Armadillidium vulgare,7,96.1,NA,93250
485,66,species,Armadillidium nasatum,11,146.7,NA,594387
487,67,order,Collembola,8,0.6,NA,99237
488,67,order,Diptera,1,0.1,NA,118831
489,67,family,Drosophilidae,1,1.2,NA,146185
490,67,subfamily,Scolytinae,1,1.2,NA,678830
491,67,order,Araneae,1,0.8,NA,82732
493,67,order,Polydesmida,2,58.8,NA,154416
496,67,species,Porcellio scaber,8,199.2,NA,93269
497,67,species,Armadillidium vulgare,13,170.1,NA,93250
498,67,species,Armadillidium nasatum,103,1330.9,NA,594387
499,68,class,Diplopoda,3,1.4,NA,154409
500,68,species,Armadillidium nasatum,5,136,NA,594387
501,68,family,Carabidae,1,24.3,NA,109234
502,69,order,Collembola,3,0.4,NA,99237
505,69,genus,Solenopsis,2,2.4,NA,154237
506,69,species,Armadillidium nasatum,1,32.5,NA,594387
507,69,species,Armadillidium vulgare,7,255.6,NA,93250
508,70,order,Collembola,2,0,NA,99237
509,70,family,Drosophilidae,2,4,NA,146185
510,70,subfamily,Scolytinae,1,1.4,NA,678830
513,70,species,Armadillidium nasatum,2,55.7,NA,594387
514,70,species,Armadillidium vulgare,23,394.2,NA,93250
515,71,order,Collembola,27,10.8,NA,99237
516,71,subfamily,Scolytinae,2,2.9,NA,678830
521,71,family,Lycosidae,1,39.9,NA,847731
522,71,order,Polydesmida,1,57.2,NA,154416
523,71,genus,Castianeira,1,41.5,NA,871833
524,71,family,Gryllidae,1,0.7,NA,102281
525,71,species,Armadillidium nasatum,1,32.4,NA,594387
526,71,family,Carabidae,1,242.4,NA,109234
528,71,genus,Ceuthophilus,14,6139,NA,657660
529,72,order,Collembola,36,9.9,NA,99237
530,72,suborder,Auchenorrhyncha,1,2.9,NA,109167
532,72,species,Phrurotimpus alarius,1,0.6,NA,887078
533,72,subfamily,Scolytinae,10,14.1,NA,678830
534,72,family,Drosophilidae,1,1.3,NA,146185
535,72,genus,Vonones,1,41.7,NA,1012885
536,72,family,Stratiomyidae,5,103,NA,130150
538,72,species,Armadillidium nasatum,2,30.5,NA,594387
539,72,genus,Chlaenius,1,197.5,NA,111436
540,72,genus,Ceuthophilus,1,329.5,NA,657660
541,74,order,Collembola,21,10.1,NA,99237
542,74,subfamily,Scolytinae,3,4.5,NA,678830
545,74,genus,Vonones,2,85.4,NA,1012885
546,74,species,Armadillidium nasatum,1,27.8,NA,594387
547,74,genus,Castianeira,2,44.8,NA,871833
548,74,family,Lycosidae,1,91.2,NA,847731
549,74,genus,Phyllophaga,1,581.1,NA,926453
550,74,genus,Ceuthophilus,6,2314,NA,657660
551,73,order,Collembola,3,0.5,NA,99237
552,73,suborder,Auchenorrhyncha,1,0,NA,109167
553,73,order,Diptera,3,0.3,NA,118831
554,73,family,Drosophilidae,1,1,NA,146185
555,73,subfamily,Scolytinae,2,3.5,NA,678830
556,73,subfamily,Ponerinae,1,0.5,NA,573831
557,73,genus,Temnothorax,3,4.6,NA,9
558,73,family,Stratiomyidae,1,51.9,NA,130150
559,73,order,Polydesmida,1,110.1,NA,154416
560,73,genus,Ceuthophilus,7,3024,NA,657660
561,75,order,Collembola,10,5.7,NA,99237
562,75,subfamily,Scolytinae,2,4,NA,678830
564,75,genus,Ptecticus,1,48.1,NA,130346
565,75,order,Polydesmida,1,53.4,NA,154416
566,75,genus,Ceuthophilus,6,2741,NA,657660
567,80,order,Collembola,66,13.5,NA,99237
568,80,order,Diptera,2,0.8,NA,118831
569,80,family,Gryllidae,1,0.5,NA,102281
571,80,subfamily,Scolytinae,7,12.1,NA,678830
573,80,family,Staphylinidae,1,0.5,NA,113265
575,80,order,Polydesmida,2,131.5,NA,154416
576,80,genus,Castianeira,1,42.4,NA,871833
577,80,family,Stratiomyidae,5,147,NA,130150
578,80,family,Carabidae,3,722,NA,109234
580,80,genus,Ceuthophilus,3,1467,NA,657660
581,78,order,Collembola,1,0,NA,99237
582,78,order,Spirostreptida,2,777.9,NA,154420
583,78,genus,Ceuthophilus,3,1217.7,NA,657660
584,79,order,Collembola,63,15,NA,99237
585,79,family,Gryllidae,2,1.1,NA,102281
586,79,subfamily,Scolytinae,6,9.4,NA,678830
587,79,species,Linepithema humile,1,3.4,NA,575041
588,79,species,Brachyponera chinensis,3,4.9,NA,11
591,79,genus,Castianeira,1,37.6,NA,871833
592,79,family,Lycosidae,1,88.3,NA,847731
593,79,genus,Ceuthophilus,4,1915,NA,657660
594,77,order,Collembola,46,7.6,NA,99237
595,77,family,Lycosidae,1,10.7,NA,847731
596,77,species,Brachyponera chinensis,2,2.9,NA,11
597,77,subfamily,Scolytinae,6,10.2,NA,678830
598,77,subfamily,Cryptocephalinae,1,32,NA,678807
599,77,species,Armadillidium nasatum,3,87,NA,594387
600,77,genus,Castianeira,3,113.3,NA,871833
601,77,family,Lycosidae,2,96.8,NA,847731
602,77,genus,Cyrtomenus,1,30.2,NA,108566
603,77,species,Galerita bicolor,1,297.2,NA,111751
604,77,family,Stratiomyidae,3,76.9,NA,130150
605,77,genus,Ceuthophilus,1,723.8,NA,657660
606,76,order,Collembola,66,30.6,NA,99237
607,76,family,Gryllidae,3,2,NA,102281
609,76,family,Machilidae,1,15.7,NA,99225
610,76,subfamily,Scolytinae,1,2,NA,678830
611,76,species,Brachyponera chinensis,5,7,NA,11
612,76,family,Curculionidae,1,4.5,NA,114666
615,76,family,Scarabaeidae,1,56.6,NA,114493
616,76,family,Lycosidae,1,118.2,NA,847731
617,76,family,Stratiomyidae,1,24.6,NA,130150
618,76,genus,Ceuthophilus,10,3416,NA,657660
619,81,order,Diptera,1,0.2,NA,118831
621,81,species,Brachyponera chinensis,34,51.8,NA,11
623,81,genus,Castianeira,1,16.5,NA,871833
624,82,order,Diptera,1,0.2,NA,118831
625,82,order,Collembola,1,0,NA,99237
626,82,class,Diplopoda,1,2.3,NA,154409
627,82,subfamily,Scolytinae,1,1.8,NA,678830
628,82,species,Brachyponera chinensis,7,11.8,NA,11
629,82,species,Armadillidium nasatum,1,19,NA,594387
630,82,species,Apheloria tigana,1,996.1,NA,570770
631,83,order,Diptera,2,0.2,NA,118831
632,83,order,Collembola,3,0.1,NA,99237
634,83,subfamily,Scolytinae,1,1.3,NA,678830
635,83,family,Corinnidae,2,3.5,NA,871519
636,83,species,Brachyponera chinensis,2,3.7,NA,11
638,83,family,Lycosidae,1,25.1,NA,847731
639,84,order,Diptera,4,0.6,NA,118831
640,84,order,Collembola,2,0,NA,99237
641,84,species,Phrurotimpus alarius,1,0.3,NA,887078
642,84,subfamily,Scolytinae,3,4.4,NA,678830
643,84,order,Araneae,1,0,NA,82732
644,84,subfamily,Cryptocephalinae,1,9.5,NA,678807
645,84,species,Brachyponera chinensis,8,11.2,NA,11
647,84,family,Lycosidae,1,24.7,NA,847731
649,84,species,Armadillidium nasatum,3,32.6,NA,594387
650,84,genus,Vonones,1,49.2,NA,1012885
651,85,order,Diptera,5,2.4,NA,118831
652,85,order,Collembola,3,0.2,NA,99237
653,85,subfamily,Scolytinae,6,8.9,NA,678830
654,85,species,Brachyponera chinensis,18,29.9,NA,11
655,85,genus,Castianeira,1,23,NA,871833
656,85,genus,Lycosidae,1,44.3,NA,847731
657,85,species,Narceus americanus,1,1126,NA,569659
658,86,order,Collembola,9,1.7,NA,99237
659,86,family,Chironomidae,1,1.3,NA,127917
660,86,subfamily,Scolytinae,1,1.3,NA,678830
661,86,species,Brachyponera chinensis,21,34.1,NA,11
662,86,genus,Castianeira,1,13.1,NA,871833
663,86,species,Armadillidium nasatum,1,37.3,NA,594387
664,86,species,Narceus americanus,2,3988.2,NA,569659
665,87,family,Drosophilidae,1,2.4,NA,146185
666,87,subfamily,Scolytinae,3,5.3,NA,678830
667,87,species,Brachyponera chinensis,2,3.6,NA,11
670,87,family,Gnaphosidae,1,11,NA,185556
672,88,order,Collembola,6,2.3,some lost after weighing,99237
673,88,family,Drosophilidae,2,1.2,1 lost after weighing,146185
674,88,species,Brachyponera chinensis,4,7.5,NA,11
677,88,species,Armadillidium nasatum,4,60.8,NA,594387
678,89,order,Collembola,7,2.1,NA,99237
679,89,class,Arachnida,1,0.6,NA,1117840
680,89,family,Drosophilidae,1,0.9,NA,146185
681,89,subfamily,Scolytinae,1,1.6,NA,678830
682,89,species,Brachyponera chinensis,4,6.1,NA,11
683,89,species,Armadillidium nasatum,3,54.2,NA,594387
684,89,family,Carabidae,2,393.1,NA,109234
685,90,order,Collembola,25,2.8,NA,99237
686,90,order,Diptera,1,1,NA,118831
687,90,species,Brachyponera chinensis,35,58.9,NA,11
691,91,order,Collembola,3,3.1,NA,99237
692,91,subfamily,Scolytinae,1,1,NA,678830
693,91,order,Diptera,2,5.4,NA,118831
694,91,species,Brachyponera chinensis,2,2.6,NA,11
695,91,genus,Aphaenogaster,1,2.7,NA,574031
696,91,species,Armadillidium nasatum,3,74.8,NA,594387
697,91,family,Gryllidae,1,16.1,NA,102281
698,91,order,Polydesmida,1,44.7,NA,154416
699,91,family,Lycosidae,1,42.2,NA,847731
700,91,family,Corinnidae,1,1.6,NA,871519
701,91,family,Carabidae,1,250.3,NA,109234
702,91,genus,Ceuthophilus,2,619.1,NA,657660
704,92,order,Collembola,1,0.6,NA,99237
705,92,family,Gryllidae,5,10,NA,102281
706,92,genus,Castianeira,1,40.7,NA,871833
707,92,family,Machilidae,1,4.5,NA,99225
708,92,genus,Aphaenogaster,1,2.1,NA,574031
709,92,family,Lycosidae,3,113.5,NA,847731
710,92,family,Corinnidae,2,4.3,NA,871519
711,92,genus,Vonones,1,45.5,NA,1012885
713,92,genus,Gryllus,1,567.4,NA,657701
714,92,family,Carabidae,1,170.4,NA,109234
715,92,genus,Ceuthophilus,2,1358,NA,657660
716,93,family,Gryllidae,1,0.8,NA,102281
717,93,family,Lycosidae,1,3.1,NA,847731
718,93,family,Corinnidae,1,2.1,NA,871519
719,93,family,Machilidae,2,33.2,NA,99225
720,93,species,Brachyponera chinensis,10,19.4,NA,11
722,93,order,Callipodida,1,252.8,NA,568965
723,93,species,Armadillidium nasatum,12,272.6,NA,594387
724,94,class,Diplopoda,1,2.6,NA,154409
725,94,genus,Pasimachus,1,1239.8,NA,109589
726,94,family,Carabidae,2,332.4,NA,109234
728,94,species,Brachyponera chinensis,12,16,NA,11
729,94,species,Armadillidium nasatum,8,191.9,NA,594387
730,94,genus,Vonones,1,40.9,NA,1012885
731,94,species,Narceus americanus,1,3171.6,NA,569659
732,95,family,Gryllidae,2,5.9,NA,102281
733,95,species,Brachyponera chinensis,26,44.6,NA,11
735,95,genus,Castianeira,1,29.8,NA,871833
736,95,genus,Vonones,2,88.6,NA,1012885
739,95,species,Armadillidium nasatum,19,736.7,NA,594387
740,95,genus,Gryllus,1,852.1,NA,657701
741,95,species,Narceus americanus,1,1583.7,NA,569659
742,96,order,Collembola,1,2.2,NA,99237
743,96,species,Brachyponera chinensis,4,6.4,NA,11
744,96,family,Lycosidae,1,40,NA,847731
745,96,family,Carabidae,1,188,NA,109234
746,96,species,Narceus americanus,1,355.6,NA,569659
747,97,family,Gryllidae,2,4.5,NA,102281
748,97,family,Corinnidae,1,1.6,NA,871519
749,97,genus,Vonones,1,51.3,NA,1012885
750,97,genus,Castianeira,1,30.6,NA,871833
751,97,genus,Platydracus,1,370.1,NA,8
752,97,genus,Ceuthophilus,1,274.3,NA,657660
753,97,species,Narceus americanus,1,4078.6,NA,569659
754,98,order,Diptera,1,0.2,NA,118831
755,98,family,Staphylinidae,1,0.6,NA,113265
756,98,species,Brachyponera chinensis,7,9.5,NA,11
758,98,species,Armadillidium nasatum,2,42.6,NA,594387
759,98,genus,Platydracus,1,332.1,NA,8
760,99,order,Collembola,2,1.2,NA,99237
761,99,class,Arachnida,1,0.2,NA,1117840
762,99,family,Gryllidae,2,2.6,NA,102281
763,99,species,Brachyponera chinensis,6,9.3,NA,11
764,99,species,Armadillidium nasatum,7,168.6,NA,594387
765,99,family,Lycosidae,1,87.6,NA,847731
766,99,order,Callipodida,2,644.8,NA,568965
767,99,order,Diptera,1,0.3,NA,118831
768,100,order,Collembola,5,1.3,NA,99237
769,100,family,Gryllidae,2,1.1,NA,102281
770,100,order,Diptera,3,3.9,NA,118831
771,100,species,Brachyponera chinensis,15,23.2,NA,11
772,100,class,Diplopoda,1,0.1,NA,154409
774,100,species,Armadillidium nasatum,11,443.2,NA,594387
775,100,genus,Vonones,1,46.6,NA,1012885
776,100,family,Lycosidae,1,51.2,NA,847731
777,100,genus,Ceuthophilus,1,258.3,NA,657660
778,100,order,Callipodida,1,210.1,NA,568965
779,104,order,Collembola,11,4.2,NA,99237
780,104,genus,Crematogaster,1,1.2,NA,574052
781,104,species,Brachyponera chinensis,5,8.6,NA,11
782,104,subfamily,Cryptocephalinae,1,4.4,NA,678807
783,104,family,Formicidae,1,1.3,NA,154193
784,104,family,Dolichopodidae,1,3,NA,136824
785,104,subfamily,Scolytinae,2,2.5,NA,678830
786,104,species,Armadillidium nasatum,3,53.3,NA,594387
787,104,family,Machilidae,1,20.2,NA,99225
788,104,genus,Ceuthophilus,1,886.9,NA,657660
789,101,order,Collembola,4,2.5,NA,99237
790,101,family,Curculionidae,1,0.8,NA,114666
791,101,family,Gryllidae,2,6.6,NA,102281
792,101,species,Armadillidium nasatum,4,102.6,NA,594387
793,101,species,Brachyponera chinensis,43,57.7,NA,11
794,101,order,Polydesmida,1,51.1,NA,154416
795,101,family,Carabidae,2,415.1,NA,109234
796,101,genus,Ceuthophilus,2,1086.6,NA,657660
797,102,order,Diptera,1,0.4,NA,118831
798,102,family,Curculionidae,1,3,NA,114666
799,102,species,Brachyponera chinensis,15,22.4,NA,11
800,102,species,Armadillidium nasatum,23,518.8,NA,594387
802,102,family,Machilidae,1,40,NA,99225
803,102,family,Carabidae,1,267.8,NA,109234
804,102,genus,Ceuthophilus,3,1635.9,NA,657660
805,103,order,Collembola,1,0.6,NA,99237
806,103,family,Gryllidae,1,1,NA,102281
807,103,species,Brachyponera chinensis,11,16.1,NA,11
810,103,order,Polydesmida,1,40.9,NA,154416
811,103,genus,Ceuthophilus,6,3595,NA,657660
812,105,family,Machilidae,3,50.2,NA,99225
813,105,family,Gryllidae,1,4,NA,102281
815,105,genus,Ceuthophilus,2,1730,NA,657660
817,106,order,Diptera,1,0.4,NA,118831
818,106,genus,Forelius,3,1.7,NA,573923
819,106,genus,Tapinoma,2,1.2,NA,154243
820,106,family,Staphylinidae,8,3.1,NA,113265
822,106,family,Corinnidae,2,1.5,NA,871519
823,106,species,Brachyponera chinensis,23,24.2,NA,11
824,106,family,Gryllidae,9,17.2,NA,102281
825,106,species,Armadillidium vulgare,34,1104.7,NA,93250
826,106,family,Carcinophoridae,1,24.5,NA,102460
827,106,class,Chilopoda,1,29.6,NA,154400
828,106,order,Hymenoptera,1,9.1,NA,152741
830,106,family,Carabidae,2,381.6,NA,109234
831,107,family,Staphylinidae,1,0.1,NA,113265
832,107,family,Drosophilidae,1,1.5,NA,146185
833,107,family,Tetragnathidae,1,0.3,NA,847764
834,107,species,Porcellio scaber,13,253.7,NA,93269
835,107,genus,Tetramorium,3,2.2,NA,154245
836,107,species,Brachyponera chinensis,2,2.2,NA,11
837,107,family,Corinnidae,1,5.6,NA,871519
838,107,family,Gryllidae,7,13,NA,102281
839,107,species,Armadillidium vulgare,27,1135.8,NA,93250
840,107,order,Diptera,1,0.4,NA,118831
841,107,species,Apheloria tigana,2,1345.8,NA,570770
842,108,order,Diptera,1,12.1,NA,118831
843,108,family,Drosophilidae,2,5.3,NA,146185
844,108,species,Brachyponera chinensis,9,13.9,NA,11
845,108,species,Porcellio scaber,2,51.2,NA,93269
846,108,genus,Armadillidium,1,0.3,juvenile,93249
847,108,species,Armadillidium nasatum,44,678.8,NA,594387
848,108,species,Armadillidium vulgare,38,1142.3,NA,93250
850,109,order,Collembola,3,0.4,NA,99237
851,109,order,Diptera,2,0.8,NA,118831
852,109,species,Armadillidium nasatum,2,54,NA,594387
855,109,species,Brachyponera chinensis,1,1.1,winged adult,11
856,109,species,Brachyponera chinensis,22,29.8,NA,11
857,110,order,Collembola,1,0.1,NA,99237
858,110,order,Diptera,2,3.5,NA,118831
859,110,subfamily,Scolytinae,1,0.6,NA,678830
860,110,species,Porcellio scaber,1,53,NA,93269
861,110,family,Corinnidae,1,0.9,NA,871519
863,110,species,Brachyponera chinensis,1,1.2,winged adult,11
864,110,species,Brachyponera chinensis,3,4.5,NA,11
865,110,species,Narceus americanus,1,609.8,NA,569659
866,111,order,Collembola,8,3.9,NA,99237
867,111,order,Diptera,2,0.5,NA,118831
868,111,family,Gryllidae,1,4.3,NA,102281
869,111,species,Armadillidium nasatum,5,107.9,NA,594387
870,111,species,Brachyponera chinensis,17,26.5,NA,11
871,111,genus,Ceuthophilus,3,3140.6,NA,657660
872,111,species,Apheloria tigana,1,1045.8,NA,570770
873,112,order,Collembola,3,3.8,NA,99237
874,112,order,Diptera,2,1,NA,118831
875,112,species,Brachyponera chinensis,9,13.7,NA,11
876,112,family,Scarabaeidae,1,22.5,NA,114493
877,112,family,Carabidae,2,440,NA,109234
878,112,family,Corinnidae,1,0.9,NA,871519
879,112,order,Polydesmida,1,51.5,NA,154416
880,112,genus,Ceuthophilus,3,1321.5,NA,657660
881,112,species,Armadillidium nasatum,17,427.9,NA,594387
882,112,family,Gryllidae,1,2.2,NA,102281
883,113,order,Collembola,3,3.4,NA,99237
884,113,order,Diptera,2,2.9,NA,118831
885,113,order,Lepidoptera,1,3.5,NA,117232
886,113,species,Brachyponera chinensis,1,1.7,NA,11
887,113,order,Blattodea,1,14.2,NA,914219
888,113,family,Scarabaeidae,3,47.8,NA,114493
889,113,family,Carabidae,2,879.9,NA,109234
890,113,genus,Ceuthophilus,4,2341.1,NA,657660
891,114,order,Diptera,1,0.9,NA,118831
892,114,order,Collembola,1,1.6,NA,99237
893,114,family,Machilidae,1,2.7,NA,99225
894,114,species,Brachyponera chinensis,5,8.1,NA,11
895,114,species,Armadillidium nasatum,2,59.2,NA,594387
896,114,class,Chilopoda,1,42.6,NA,154400
897,114,class,Myriapoda,1,23.4,NA,563885
898,114,genus,Gryllus,1,819.9,NA,657701
899,114,genus,Ceuthophilus,4,3231,NA,657660
900,115,order,Collembola,2,2,NA,99237
901,115,family,Gryllidae,1,0.4,NA,102281
902,115,subfamily,Scolytinae,1,0.5,NA,678830
903,115,family,Machilidae,1,2.3,NA,99225
904,115,species,Brachyponera chinensis,1,1.6,NA,11
905,115,family,Scarabaeidae,1,10.3,NA,114493
907,115,family,Lycosidae,1,49.7,NA,847731
908,115,genus,Ceuthophilus,3,2773.9,NA,657660
909,116,family,Gryllidae,3,9.9,NA,102281
911,116,species,Brachyponera chinensis,9,9.2,NA,11
912,116,species,Armadillidium vulgare,22,851,NA,93250
913,116,family,Carabidae,2,430.2,NA,109234
915,116,species,Narceus americanus,1,5507.8,NA,569659
916,117,order,Hymenoptera,1,0.1,NA,152741
917,117,order,Araneae,1,0,too damaged for ID,82732
918,117,order,Coleoptera,1,0,too small for ID,109216
919,117,order,Diptera,1,1.1,NA,118831
921,117,order,Polydesmida,1,42.9,NA,154416
922,117,species,Brachyponera chinensis,2,3,NA,11
923,117,genus,Solenopsis,2,0.5,NA,154237
924,117,family,Formicidae,2,1.9,missing antennae,154193
925,117,family,Gryllidae,3,16.8,NA,102281
926,117,family,Carcinophoridae,1,27.1,NA,102460
927,117,species,Apheloria tigana,1,746.2,NA,570770
928,117,species,Armadillidium vulgare,17,569.4,NA,93250
929,118,order,Hymenoptera,1,0,NA,152741
930,118,species,Brachyponera chinensis,11,12.9,NA,11
931,118,species,Armadillidium nasatum,8,134.3,NA,594387
932,118,species,Armadillidium vulgare,13,450.9,NA,93250
935,119,family,Corinnidae,1,2,NA,871519
936,119,species,Brachyponera chinensis,11,15.4,NA,11
938,120,species,Porcellio scaber,1,39.8,NA,93269
939,120,species,Brachyponera chinensis,3,4.9,NA,11
940,121,order,Collembola,90,4,NA,99237
941,121,order,Diptera,1,0.5,NA,118831
942,121,family,Gryllidae,3,5.9,NA,102281
943,121,family,Staphylinidae,8,3.4,NA,113265
944,121,order,Hymenoptera,1,2.7,sawfly larva,152741
945,121,genus,Tetramorium,1,1.2,NA,154245
946,121,species,Armadillidium nasatum,1,46.6,NA,594387
948,121,order,Polydesmida,1,45.9,NA,154416
949,121,order,Callipodida,1,273.8,NA,568965
950,121,class,Myriapoda,1,2.4,NA,563885
951,121,family,Lycosidae,1,19.2,NA,847731
952,121,genus,Vonones,4,153.4,NA,1012885
953,121,genus,Ceuthophilus,1,436.2,NA,657660
954,123,order,Collembola,29,16.9,NA,99237
955,123,order,Diptera,4,3.8,NA,118831
956,123,family,Gryllidae,1,1.3,NA,102281
957,123,species,Brachyponera chinensis,5,7.1,NA,11
961,122,order,Collembola,3,1.1,NA,99237
962,122,order,Isopoda,1,0.9,NA,92120
963,122,order,Diptera,1,0.4,NA,118831
964,122,family,Gryllidae,3,10.6,NA,102281
965,122,genus,Tetramorium,4,2.7,NA,154245
966,122,family,Lycosidae,2,117.3,NA,847731
967,122,genus,Ceuthophilus,4,1754.6,NA,657660
968,124,order,Collembola,7,3.7,NA,99237
969,124,family,Stratiomyidae,1,2.4,larva,130150
970,124,family,Curculionidae,1,4.3,NA,114666
971,124,species,Brachyponera chinensis,1,1.1,NA,11
972,124,species,Armadillidium nasatum,5,132.6,NA,594387
973,124,order,Diptera,1,0.6,NA,118831
974,124,family,Lycosidae,2,91.7,NA,847731
975,124,genus,Ceuthophilus,1,998.6,NA,657660
976,124,species,Narceus americanus,1,2252.8,NA,569659
977,125,order,Collembola,13,5.5,NA,99237
978,125,order,Diptera,2,2.6,NA,118831
979,125,family,Gryllidae,3,3.7,NA,102281
980,125,species,Brachyponera chinensis,3,3.9,NA,11
981,125,genus,Vonones,1,36.8,NA,1012885
982,125,family,Carabidae,2,1284.5,NA,109234
983,125,genus,Ceuthophilus,7,4843.4,NA,657660
984,126,order,Diptera,4,2.9,NA,118831
985,126,species,Armadillidium vulgare,1,37,NA,93250
986,126,order,Polydesmida,1,35.9,NA,154416
987,127,class,Diplopoda,1,5.2,NA,154409
988,127,species,Brachyponera chinensis,1,1.6,NA,11
989,127,species,Armadillidium nasatum,8,269.3,NA,594387
990,127,species,Armadillidium vulgare,15,560.9,NA,93250
993,127,genus,Tetramorium,5,2.2,NA,154245
994,127,genus,Forelius,7,2.8,NA,573923
995,128,genus,Armadillidium,3,1.6,juveniles,93249
996,128,species,Armadillidium vulgare,2,65.1,NA,93250
997,128,family,Corinnidae,2,2.9,NA,871519
998,128,species,Armadillidium nasatum,3,56.5,NA,594387
1002,128,species,Brachyponera chinensis,19,25.2,NA,11
1004,129,order,Diptera,4,2.6,NA,118831
1005,129,order,Collembola,4,0.3,NA,99237
1006,129,order,Polydesmida,1,48.1,NA,154416
1007,129,order,Araneae,1,0,damaged,82732
1008,129,genus,Armadillidium,18,7.1,juveniles,93249
1009,129,species,Porcellio scaber,15,150.4,NA,93269
1010,129,species,Armadillidium nasatum,38,593.2,NA,594387
1011,129,species,Brachyponera chinensis,22,34,NA,11
1012,129,species,Armadillidium vulgare,1,26.1,NA,93250
1014,130,genus,Crematogaster,2,1.4,NA,574052
1015,130,species,Brachyponera chinensis,2,3.1,NA,11
1018,130,family,Gryllidae,1,3.3,NA,102281
1019,130,genus,Armadillidium,6,2.8,juveniles,93249
1020,130,species,Porcellio scaber,11,65,NA,93269
1021,130,species,Armadillidium nasatum,3,51.5,NA,594387
1022,130,species,Armadillidium vulgare,7,252.6,NA,93250
1023,131,order,Collembola,17,3.4,NA,99237
1024,131,order,Blattodea,1,35.9,NA,914219
1025,131,family,Staphylinidae,7,2.1,NA,113265
1026,131,family,Gryllidae,4,32.4,NA,102281
1027,131,species,Armadillidium nasatum,1,44,NA,594387
1028,131,species,Brachyponera chinensis,4,7,NA,11
1030,131,order,Polydesmida,2,160.5,NA,154416
1031,131,species,Narceus americanus,1,782.7,NA,569659
1032,131,class,Diplopoda,1,2.9,NA,154409
1033,131,family,Carabidae,2,580.5,NA,109234
1034,131,genus,Tetramorium,1,0.9,NA,154245
1035,131,order,Opiliones,1,3.1,NA,82753
1037,132,order,Diptera,3,1.7,NA,118831
1038,132,family,Gnaphosidae,1,1.4,NA,185556
1039,132,genus,Tetramorium,3,4.1,NA,154245
1040,132,family,Lycosidae,1,92.6,NA,847731
1041,132,order,Callipodida,2,626.1,NA,568965
1042,132,genus,Ceuthophilus,3,2352.2,NA,657660
1043,133,order,Collembola,11,7.2,NA,99237
1044,133,order,Diptera,8,10.1,NA,118831
1045,133,family,Formicidae,1,0.4,damaged,154193
1047,133,family,Corinnidae,1,1.7,NA,871519
1048,133,species,Brachyponera chinensis,7,10.4,NA,11
1050,133,order,Blattodea,2,41.8,NA,914219
1052,133,family,Lycosidae,1,53.3,NA,847731
1054,133,family,Gryllidae,1,0.3,NA,102281
1055,134,order,Collembola,10,1.4,NA,99237
1056,134,family,Lycosidae,1,9.3,NA,847731
1058,134,species,Brachyponera chinensis,6,8.3,1 winged adult,11
1059,134,species,Armadillidium nasatum,2,34,1 juvenile,594387
1060,134,family,Gryllidae,2,8.8,NA,102281
1061,134,genus,Ceuthophilus,2,1973.1,NA,657660
1062,135,order,Collembola,16,4.4,NA,99237
1062,135,order,Diptera,2,0.2,NA,118831
1063,135,family,Staphylinidae,3,1.1,NA,113265
1064,135,order,Diplopoda,3,5.9,NA,154409
1065,135,family,Corinnidae,1,0.9,NA,871519
1067,135,family,Lycosidae,1,36,NA,847731
1068,135,order,Polydesmida,1,53.7,NA,154416
1069,135,species,Narceus americanus,1,1737.5,NA,569659
1070,135,species,Brachyponera chinensis,9,11.7,NA,11
1071,135,genus,Ceuthophilus,2,1553.3,NA,657660
1072,135,family,Gryllidae,15,47.4,NA,102281
1073,136,order,Polydesmida,1,42.7,NA,154416
1076,136,family,Gryllidae,3,266.1,NA,102281
1077,137,species,Porcellio scaber,2,80.3,NA,93269
1079,137,genus,Tetramorium,8,4.1,NA,154245
1080,137,subphylum,Hexapoda,1,0.3,NA,563886
1081,137,order,Diptera,1,0.3,NA,118831
1083,137,family,Gryllidae,4,2.3,NA,102281
1084,137,species,Armadillidium vulgare,38,1293.4,NA,93250
1085,137,species,Armadillidium nasatum,10,393.8,NA,594387
1086,138,order,Collembola,6,1.6,NA,99237
1087,138,genus,Armadillidium,22,15,juvenile,93249
1088,138,order,Diptera,3,6.1,NA,118831
1089,138,species,Phrurotimpus alarius,1,1.5,NA,887078
1090,138,species,Armadillidium nasatum,9,238.4,NA,594387
1092,138,class,Diplopoda,1,3.3,NA,154409
1093,138,species,Armadillidium vulgare,1,32.1,NA,93250
1094,138,genus,Castianeira,2,51.5,NA,871833
1098,138,species,Brachyponera chinensis,35,49.7,NA,11
1099,139,order,Diplopoda,1,20.8,NA,154409
1100,139,genus,Armadillidium,24,8,juvenile,93249
1101,139,genus,Armadillidium,41,792.8,NA,93249
1102,139,species,Porcellio scaber,37,733.1,NA,93269
1104,139,species,Brachyponera chinensis,57,80.1,NA,11
1108,140,family,Carabidae,1,192.9,NA,109234
1109,140,species,Brachyponera chinensis,6,8.5,NA,11
1110,140,species,Porcellio scaber,77,137.6,juvenile,93269
1111,140,species,Porcellio scaber,9,217,NA,93269
1112,140,genus,Armadillidium,3,0.7,juvenile,93249
1113,140,genus,Armadillidium,60,1419.1,NA,93249
1114,140,genus,Crematogaster,1,0.4,NA,574052
1116,140,family,Corinnidae,1,1.7,NA,871519
1117,141,order,Diptera,1,0.3,NA,118831
1118,141,order,Collembola,2,0.4,NA,99237
1119,141,species,Narceus americanus,1,189.6,NA,569659
1120,141,family,Gryllidae,1,5.8,NA,102281
1121,141,species,Brachyponera chinensis,22,38.1,NA,11
1122,142,family,Machilidae,1,3.4,NA,99225
1123,142,order,Collembola,1,0,NA,99237
1125,142,family,Lycosidae,1,61.4,NA,847731
1128,142,species,Brachyponera chinensis,8,11.7,NA,11
1129,143,order,Collembola,2,0.6,NA,99237
1131,143,order,Diptera,2,0.3,NA,118831
1133,143,species,Brachyponera chinensis,9,16.4,NA,11
1134,144,family,Lycosidae,1,59.1,NA,847731
1135,144,order,Callipodida,1,308.6,NA,568965
1136,144,species,Apheloria tigana,1,1157.1,NA,570770
1138,144,species,Brachyponera chinensis,27,45.9,NA,11
1139,144,order,Collembola,1,0.1,NA,99237
1140,145,species,Narceus americanus,2,2287,NA,569659
1141,145,genus,Castianeira,1,26.6,NA,871833
1142,145,species,Brachyponera chinensis,20,31.5,NA,11
1143,145,order,Hymenoptera,1,0,NA,152741
1144,146,order,Diptera,4,1.7,NA,118831
1145,146,order,Collembola,3,0.2,NA,99237
1147,146,family,Gryllidae,2,10.2,NA,102281
1148,146,family,Lycosidae,3,149.9,NA,847731
1149,146,species,Brachyponera chinensis,12,20.3,NA,11
1150,147,order,Diptera,5,13.4,NA,118831
1151,147,family,Scarabaeidae,1,25.5,NA,114493
1152,147,species,Brachyponera chinensis,7,12.9,NA,11
1153,148,species,Brachyponera chinensis,4,8.5,NA,11
1155,148,order,Collembola,5,1.7,NA,99237
1157,148,genus,Gryllus,1,718.2,NA,657701
1158,149,order,Diptera,1,0.8,NA,118831
1159,149,order,Collembola,2,0,NA,99237
1160,149,order,Polydesmida,2,112.3,NA,154416
1161,149,family,Lycosidae,1,34,NA,847731
1162,149,species,Brachyponera chinensis,12,19.4,NA,11
1164,150,order,Diptera,1,1.4,NA,118831
1165,150,genus,Armadillidium,1,1.1,NA,93249
1167,150,species,Brachyponera chinensis,25,39,NA,11
1168,150,order,Hymenoptera,1,0.1,NA,152741
1170,151,species,Armadillidium nasatum,2,67.8,NA,594387
1172,151,order,Diptera,1,38.5,NA,118831
1175,151,family,Lycosidae,2,92.2,NA,847731
1176,151,family,Gryllidae,3,17.7,NA,102281
1177,151,genus,Ceuthophilus,2,529.5,NA,657660
1178,151,family,Carabidae,1,254.7,NA,109234
1179,152,order,Diptera,4,2.6,NA,118831
1180,152,genus,Vonones,3,124.5,NA,1012885
1181,152,family,Gryllidae,7,48.9,NA,102281
1182,152,family,Lycosidae,1,54,NA,847731
1183,152,order,Blattodea,2,171.8,NA,914219
1184,152,species,Narceus americanus,1,2439.3,NA,569659
1185,152,order,Callipodida,1,341.7,NA,568965
1186,152,order,Collembola,1,0.3,NA,99237
1188,152,genus,Tetramorium,3,6,NA,154245
1189,153,species,Armadillidium nasatum,6,90.6,NA,594387
1190,153,species,Brachyponera chinensis,7,10.3,NA,11
1191,153,family,Lycosidae,1,20,NA,847731
1192,153,order,Diptera,2,1.9,NA,118831
1193,153,order,Blattodea,1,27.2,NA,914219
1194,153,family,Machilidae,3,11.7,NA,99225
1196,153,genus,Vonones,1,41.4,NA,1012885
1197,153,family,Carabidae,2,935.3,NA,109234
1198,153,genus,Ceuthophilus,6,1290.4,NA,657660
1200,153,family,Staphylinidae,1,0.4,NA,113265
1202,154,genus,Armadillidium,3,42.8,NA,93249
1203,154,family,Gryllidae,4,31.3,NA,102281
1204,154,genus,Ceuthophilus,2,110.5,NA,657660
1205,154,order,Spirobolida,1,2.2,NA,154419
1206,154,species,Narceus americanus,1,3098.3,NA,569659
1207,154,order,Callipodida,1,287.4,NA,568965
1208,154,order,Lepidoptera,1,143.3,NA,117232
1209,154,order,Polydesmida,2,8.5,NA,154416
1210,154,species,Brachyponera chinensis,40,58.1,NA,11
1211,155,genus,Armadillidium,11,218.5,NA,93249
1212,155,order,Polydesmida,1,48.2,NA,154416
1213,155,order,Spirobolida,1,3.1,NA,154419
1214,155,family,Gryllidae,6,22.8,NA,102281
1215,155,family,Lycosidae,1,66.7,NA,847731
1216,155,genus,Ceuthophilus,2,1256,NA,657660
1217,155,species,Apheloria tigana,1,1102.4,NA,570770
1218,155,species,Narceus americanus,1,2670,NA,569659
1219,155,species,Brachyponera chinensis,65,85.1,NA,11
1220,156,order,Diptera,6,6.4,NA,118831
1221,156,species,Armadillidium nasatum,1,28.9,NA,594387
1222,156,species,Brachyponera chinensis,4,6.1,NA,11
1223,156,order,Collembola,1,1.4,NA,99237
1224,156,family,Carabidae,1,313.1,NA,109234
1225,156,family,Lycosidae,1,34,NA,847731
1226,157,family,Lycosidae,1,34.3,NA,847731
1227,157,order,Collembola,1,1.7,NA,99237
1228,157,family,Machilidae,1,10.8,NA,99225
1229,157,order,Diptera,1,1.4,NA,118831
1230,157,genus,Armadillidium,1,1.1,NA,93249
1231,157,family,Scarabaeidae,1,8.9,NA,114493
1232,157,genus,Tetramorium,1,1.3,NA,154245
1233,158,order,Collembola,1,1.6,NA,99237
1234,158,species,Brachyponera chinensis,4,5.6,NA,11
1235,158,order,Diptera,1,1.3,NA,118831
1236,158,genus,Ceuthophilus,2,1388.6,NA,657660
1237,158,order,Polydesmida,1,52.4,NA,154416
1238,158,order,Callipodida,1,88.2,NA,568965
1239,158,order,Spirobolida,1,30.5,NA,154419
1240,158,genus,Armadillidium,8,115.4,NA,93249
1241,159,order,Polydesmida,2,7.6,NA,154416
1242,159,order,Diptera,2,0.6,NA,118831
1243,159,family,Gryllidae,3,31.9,NA,102281
1244,159,genus,Armadillidium,6,68.9,NA,93249
1245,159,species,Brachyponera chinensis,19,29.3,NA,11
1246,159,order,Pseudoscorpiones,1,0.1,NA,690741
1247,159,class,Arachnida,1,0.1,NA,1117840
1248,160,order,Diptera,2,2.1,NA,118831
1249,160,genus,Armadillidium,4,135.8,NA,93249
1250,160,genus,Platydracus,1,317.3,NA,8
1251,160,genus,Ceuthophilus,1,706.2,NA,657660
1252,160,species,Narceus americanus,1,1318.9,NA,569659
1253,160,family,Lycosidae,1,68.7,NA,847731
1254,160,family,Gryllidae,3,7.7,NA,102281
1255,160,order,Polydesmida,2,94.8,NA,154416
1256,160,species,Brachyponera chinensis,34,50.3,NA,11
1257,161,family,Stratiomyidae,1,0.7,NA,130150
1258,161,genus,Armadillidium,6,121.2,NA,93249
1259,161,genus,Ceuthophilus,5,3609.2,NA,657660
1260,161,species,Brachyponera chinensis,11,15.4,NA,11
1261,162,order,Diptera,2,0.6,NA,118831
1262,162,order,Arachnida,1,0,NA,1117840
1263,162,order,Collembola,5,2.4,NA,99237
1265,162,genus,Ceuthophilus,2,400.1,NA,657660
1266,162,family,Lycosidae,2,104.1,NA,847731
1267,162,family,Staphylinidae,1,0.6,NA,113265
1268,162,species,Brachyponera chinensis,14,22,NA,11
1269,162,genus,Armadillidium,16,298.5,NA,93249
1271,163,family,Carabidae,3,750.8,NA,109234
1272,163,order,Polydesmida,2,125.1,NA,154416
1273,163,genus,Armadillidium,1,14.3,NA,93249
1276,163,family,Gryllidae,2,4.8,NA,102281
1277,163,family,Machilidae,1,4.7,NA,99225
1278,163,genus,Ceuthophilus,5,4139,NA,657660
1279,163,species,Brachyponera chinensis,7,9.6,NA,11
1280,164,genus,Armadillidium,1,33.5,NA,93249
1282,164,family,Carabidae,1,225,NA,109234
1283,164,genus,Ceuthophilus,4,2438.4,NA,657660
1284,164,species,Brachyponera chinensis,9,13.7,NA,11
1285,164,family,Gnaphosidae,1,0.5,NA,185556
1286,165,family,Machilidae,2,6.1,NA,99225
1287,165,order,Collembola,2,2.3,NA,99237
1288,165,species,Brachyponera chinensis,3,4.5,NA,11
1289,165,genus,Armadillidium,7,133.9,NA,93249
1291,165,family,Gryllidae,1,9.3,NA,102281
1292,165,genus,Ceuthophilus,3,3319.8,NA,657660
1293,165,order,Diptera,1,0.7,NA,118831
1294,166,order,Diptera,5,7.7,NA,118831
1295,166,order,Collembola,3,2.1,NA,99237
1296,166,family,Lycosidae,1,67.9,NA,847731
1298,166,order,Polydesmida,2,64.5,NA,154416
1299,166,genus,Armadillidium,7,149.5,NA,93249
1300,166,species,Brachyponera chinensis,7,10.4,NA,11
1301,167,order,Collembola,6,1.8,NA,99237
1302,167,order,Diptera,1,0.8,NA,118831
1304,167,family,Carabidae,2,521.8,NA,109234
1305,167,family,Gryllidae,1,1.3,NA,102281
1306,167,family,Lycosidae,1,83,NA,847731
1307,167,genus,Armadillidium,8,117.8,NA,93249
1308,167,genus,Ceuthophilus,3,1724.7,NA,657660
1309,167,species,Brachyponera chinensis,8,11.2,NA,11
1310,168,order,Diptera,2,0.2,NA,118831
1311,168,family,Gryllidae,1,1.1,NA,102281
1313,168,species,Brachyponera chinensis,2,2.6,NA,11
1314,168,family,Lycosidae,2,144.3,NA,847731
1315,168,family,Scarabaeidae,1,19.7,NA,114493
1316,168,family,Carabidae,1,241.8,NA,109234
1317,168,genus,Ceuthophilus,8,7618.5,NA,657660
1318,168,family,Machilidae,1,4.6,NA,99225
1319,169,order,Diptera,2,9.3,NA,118831
1320,169,family,Machilidae,1,3.4,NA,99225
1321,169,order,Collembola,11,7.3,NA,99237
1322,169,order,Blattodea,1,18.7,NA,914219
1323,169,family,Carabidae,1,269.5,NA,109234
1324,169,order,Polydesmida,1,33.4,NA,154416
1325,169,family,Lycosidae,1,59.4,NA,847731
1326,169,species,Brachyponera chinensis,4,5.1,NA,11
1327,169,genus,Ceuthophilus,2,1050.2,NA,657660
1328,170,family,Lycosidae,1,67.8,NA,847731
1329,170,order,Diptera,1,1.5,NA,118831
1330,170,class,Diplopoda,1,5.8,NA,154409
1331,170,species,Brachyponera chinensis,2,3.2,NA,11
1332,170,order,Collembola,7,5.7,NA,99237
1333,170,genus,Ceuthophilus,2,2172.5,NA,657660
1334,171,family,Cydnidae,1,21,NA,108550
1335,171,genus,Armadillidium,1,2.5,NA,93249
1336,171,order,Diptera,1,1.8,NA,118831
1338,171,species,Brachyponera chinensis,23,28.3,NA,11
1339,171,family,Gryllidae,11,778.1,NA,102281
1340,171,species,Apheloria tigana,4,3300.6,NA,570770
1341,172,family,Staphylinidae,4,1.6,NA,113265
1342,172,order,Diptera,2,1.7,NA,118831
1343,172,family,Porcellionidae,4,12.6,NA,331670
1345,172,family,Carcinophoridae,1,30.7,NA,102460
1346,172,species,Brachyponera chinensis,7,9.6,NA,11
1347,172,genus,Armadillidium,7,262.5,NA,93249
1348,172,species,Apheloria tigana,3,1932.4,NA,570770
1349,172,family,Gryllidae,82,3138.2,NA,102281
1350,172,genus,Tetramorium,2,2.2,NA,154245
1351,173,order,Hymenoptera,1,6.2,NA,152741
1352,173,species,Brachyponera chinensis,7,9.9,NA,11
1353,173,genus,Armadillidium,14,404.7,NA,93249
1357,174,order,Spirobolida,1,6.3,NA,154419
1358,174,order,Polydesmida,1,10.9,NA,154416
1359,174,family,Porcellionidae,1,51,NA,331670
1360,174,genus,Armadillidium,6,53.4,NA,93249
1361,174,order,Diptera,1,0,NA,118831
1362,174,species,Brachyponera chinensis,42,54.5,NA,11
1363,174,subfamily,Scolytinae,1,0,NA,678830
1364,174,family,Corinnidae,2,5.3,NA,871519
1365,175,order,Collembola,1,1.3,NA,99237
1366,175,species,Brachyponera chinensis,9,12,NA,11
1367,175,genus,Armadillidium,1,2.3,NA,93249
1368,175,family,Gryllidae,12,279.9,NA,102281
1369,175,family,Corinnidae,2,0.4,NA,871519
1370,176,order,Diptera,2,3.5,NA,118831
1371,176,order,Spirobolida,1,15.7,NA,154419
1373,176,species,Brachyponera chinensis,4,6.8,NA,11
1374,176,genus,Tetramorium,1,0.2,NA,154245
1375,176,order,Collembola,2,0,NA,99237
1378,176,family,Gryllidae,14,860.3,NA,102281
1379,176,genus,Gryllus,1,758.3,NA,657701
1380,177,order,Diptera,1,1.2,NA,118831
1381,177,class,Diplopoda,1,13.4,NA,154409
1382,177,species,Brachyponera chinensis,5,6.3,NA,11
1383,177,family,Carcinophoridae,1,0.9,NA,102460
1384,177,family,Cydnidae,1,24.9,NA,108550
1385,177,family,Staphylinidae,2,0.8,NA,113265
1386,177,family,Porcellionidae,3,52,NA,331670
1387,177,genus,Armadillidium,7,293.4,NA,93249
1389,177,family,Gryllidae,124,4714.3,NA,102281
1390,178,order,Diptera,4,4.8,NA,118831
1391,178,species,Brachyponera chinensis,4,6.6,NA,11
1392,178,family,Porcellionidae,2,47,NA,331670
1393,178,family,Gryllidae,2,346,NA,102281
1395,178,genus,Armadillidium,20,697,NA,93249
1396,178,subfamily,Scolytinae,1,1.8,NA,678830
1398,179,order,Diptera,1,0.4,NA,118831
1399,179,order,Polydesmida,2,97.6,NA,154416
1400,179,subfamily,Scolytinae,2,1.4,NA,678830
1401,179,family,Porcellionidae,1,46.9,NA,331670
1402,179,family,Gryllidae,1,61.9,NA,102281
1403,179,species,Brachyponera chinensis,17,24.5,NA,11
1407,180,genus,Armadillidium,1,24.3,NA,93249
1408,180,species,Brachyponera chinensis,7,9.7,NA,11
1409,180,family,Gryllidae,15,526.6,NA,102281
3,1,order,Diptera,1,1.8,NA,NA
18,4,species,Brachyponera chinensis,1,1.5,NA,NA
21,5,species,Prenolepis imparis,2,3.5,NA,577971
23,5,genus,Formica,1,5.3,NA,NA
25,5,genus,Leiobunum,1,51.7,NA,NA
31,7,family,Nitidulidae,5,5.5,NA,NA
32,7,family,Tenebrionidae,1,8.2,NA,NA
40,7,family,Lithobiidae,1,72.8,NA,555700
41,7,class,Diplopoda,1,42.7,NA,NA
47,8,order,Diptera,1,2.5,NA,NA
50,8,genus,Camponotus,3,44.6,NA,154194
52,9,family,Corinnidae,2,1.4,NA,NA
59,9,species,Brachyponera chinensis,37,53.5,NA,NA
60,9,genus,Formica,4,32,NA,NA
61,10,species,Brachyponera chinensis,1,1.5,NA,NA
66,10,species,Trachelipus rathkii,1,7,NA,684736
77,12,species,Prenolepis imparis,1,1,NA,577971
81,11,species,Prenolepis imparis,1,1,NA,577971
84,11,family,Pentatomidae,1,36.3,nymph,108628
90,14,species,Brachyponera chinensis,1,1.3,NA,NA
92,14,family,Corinnidae,1,0.2,NA,NA
95,17,family,Dictynidae,1,0.5,NA,NA
96,17,family,Salticidae,1,11.6,NA,871537
97,17,family,Nitidulidae,2,1.5,NA,NA
98,17,family,Hemerobiidae,1,0.4,larva,115080
100,15,family,Nitidulidae,1,0.5,NA,NA
103,15,species,Prenolepis imparis,4,3.4,NA,577971
104,15,species,Brachyponera chinensis,4,5.1,NA,NA
105,15,genus,Formica,2,16.4,NA,154211
114,18,order,Diptera,1,0.7,NA,NA
115,18,order,Diptera,1,6.4,NA,NA
117,18,family,Corinnidae,3,3,NA,NA
120,18,family,Nitidulidae,1,0.9,NA,NA
122,18,species,Brachyponera chinensis,4,5.1,NA,NA
126,19,family,Corinnidae,2,1.6,NA,NA
128,19,species,Brachyponera chinensis,59,99.2,NA,NA
136,20,family,Corinnidae,1,0.5,NA,NA
137,20,family,Nitidulidae,1,1.8,NA,114290
138,20,species,Brachyponera chinensis,3,3.2,NA,NA
139,21,family,Tephritidae,2,0.6,NA,142604
141,21,family,Muscidae,1,17.5,NA,150025
143,21,species,Brachyponera chinensis,7,10.8,NA,NA
144,21,genus,Camponotus,2,24.2,NA,154194
146,22,genus,Camponotus,1,15.3,NA,154194
148,23,family,Braconidae,1,0,NA,152867
150,23,species,Prenolepis imparis,2,1.5,NA,577971
158,26,species,Brachyponera chinensis,4,6.1,NA,NA
159,26,genus,Formica,1,7.8,NA,154211
160,26,genus,Camponotus,1,17,NA,154194
161,26,order,Spirobolida,2,45.2,NA,NA
163,26,family,Gnaphosidae,1,17.2,NA,NA
166,27,family,Agalenidae,1,3.1,NA,NA
170,28,family,Corinnidae,2,1.3,NA,NA
172,28,species,Prenolepis imparis,1,0.4,NA,577971
173,28,species,Brachyponera chinensis,2,3,NA,NA
174,28,genus,Camponotus,1,16.1,NA,154194
175,28,genus,Leiobunum,1,3.9,NA,NA
180,29,order,Diptera,1,0.4,NA,NA
181,29,family,Corinnidae,1,2.7,NA,NA
183,30,family,Braconidae,1,0,NA,152867
188,30,species,Brachyponera chinensis,1,1.7,NA,NA
197,33,species,Brachyponera chinensis,3,4.8,NA,NA
204,34,class,Diplopoda,1,13.6,NA,NA
206,34,species,Brachyponera chinensis,5,7.2,NA,NA
212,35,species,Brachyponera chinensis,2,2.7,NA,NA
213,35,genus,Camponotus,1,23.3,NA,154194
220,36,family,Corinnidae,3,1.5,NA,NA
223,36,family,Nitidulidae,1,0.3,NA,7
224,36,species,Brachyponera chinensis,17,22.8,NA,NA
225,36,genus,Camponotus,2,25.8,NA,154194
232,37,species,Brachyponera chinensis,7,10.1,NA,NA
233,37,genus,Camponotus,1,17.4,NA,154194
240,38,family,Corinnidae,1,2.2,NA,NA
242,38,genus,Camponotus,2,30.6,NA,154194
245,39,family,Corinnidae,2,1.9,NA,NA
252,39,family,Brachyponera chinensis,1,1.6,NA,NA
253,39,genus,Camponotus,1,18.3,NA,154194
258,40,species,Brachyponera chinensis,1,1.5,NA,NA
259,40,genus,Camponotus,1,16.3,NA,154194
262,41,species,Prenolepis imparis,1,0.9,NA,577971
263,41,genus,Formica,3,15.5,NA,154211
271,42,species,Prenolepis imparis,1,2,NA,577971
278,43,family,Clubionidae,4,3.5,NA,871518
283,43,genus,Ponera,7,10.3,NA,574209
290,44,family,Clubionidae,1,2.8,NA,871518
294,44,genus,Ponera,3,3.4,NA,574209
295,44,genus,Formica,1,7.1,NA,154211
301,45,genus,Hypoponera,14,18.9,NA,574195
302,45,genus,Camponotus,2,43.3,NA,154194
310,46,species,Brachyponera chinensis,5,7.7,NA,NA
311,46,genus,Camponotus,3,39.6,NA,154194
314,46,family,Sphecidae,1,35.9,NA,154310
319,47,species,Brachyponera chinensis,3,3.7,NA,NA
320,47,genus,Camponotus,6,106.8,NA,154194
326,48,species,Brachyponera chinensis,2,2.9,NA,NA
327,48,genus,Formica,1,8.5,NA,154211
328,48,genus,Camponotus,6,128.5,NA,154194
334,49,species,Brachyponera chinensis,2,2.7,NA,NA
335,49,genus,Camponotus,1,28,NA,154194
340,50,family,Nitidulidae,1,1.7,NA,NA
341,50,genus,Formica,2,15.1,NA,154211
342,50,genus,Camponotus,1,22.5,NA,154194
352,51,family,Coccinellidae,1,0.4,NA,114329
353,51,family,Nitidulidae,2,3.3,NA,NA
356,51,species,Philoscia muscorum,4,70.2,NA,206377
363,52,family,Nitidulidae,1,0.5,NA,NA
364,52,family,Nitidulidae,9,12.6,NA,NA
366,52,species,Brachyponera chinensis,10,10.4,NA,NA
369,52,order,Siphonophorida,1,16.4,NA,568964
374,53,family,Linyphiidae,1,0.9,NA,NA
375,53,order,Julida,1,2.4,NA,154418
376,53,species,Brachyponera chinensis,1,1.2,NA,NA
377,53,genus,Camponotus,2,43.6,NA,154194
378,53,genus,Camponotus,6,224.2,NA,154194
382,54,family,Nitidulidae,1,1.2,NA,NA
385,54,species,Brachyponera chinensis,14,21.2,NA,NA
392,55,family,Nitidulidae,1,0.4,NA,114290
393,55,species,Brachyponera chinensis,5,6.2,NA,NA
394,55,genus,Camponotus,2,44.6,NA,154194
395,55,genus,Camponotus,3,104.9,NA,NA
398,56,species,Brachyponera chinensis,1,1.3,NA,NA
399,56,family,Nitidulidae,1,1.6,NA,NA
400,56,species,Philoscia muscorum,1,28.9,NA,206377
401,56,species,Forficula auricularia,1,47.9,NA,186036
401,56,species,Forficula auricularia,1,47.9,NA,186036
402,56,order,Julida,1,7.3,NA,154418
406,57,family,Nitidulidae,1,1.2,NA,NA
407,57,species,Brachyponera chinensis,6,5.4,NA,574209
408,57,genus,Formica,1,3.3,NA,154211
410,57,family,Clubionidae,1,0.3,NA,871518
413,57,order,Julida,3,14,NA,154418
417,58,family,Nitidulidae,1,0.5,NA,NA
418,58,species,Camponotus pennsylvanicus,1,25.7,NA,154198
423,59,species,Brachyponera chinensis,3,4.9,NA,NA
424,59,species,Prenolepis imparis,1,1.4,NA,577971
428,60,species,Brachyponera chinensis,9,14.3,NA,NA
438,61,family,Nitidulidae,2,3,NA,NA
439,61,species,Camponotus pennsylvanicus,2,49.4,NA,154198
445,62,family,Nitidulidae,1,1,NA,114290
444,62,family,Nitidulidae,2,2.2,NA,114290
446,62,order,Julida,1,0.6,NA,154418
451,62,species,Brachyponera chinensis,154,187.5,NA,NA
452,62,genus,Camponotus,1,17.4,NA,154194
453,62,genus,Formica,1,9.8,NA,154211
459,63,species,Brachyponera chinensis,2,2.7,NA,NA
460,63,genus,Formica,1,10.3,NA,154211
461,63,species,Camponotus pennsylvanicus,3,110.6,NA,154198
468,64,species,Brachyponera chinensis,9,13.2,NA,NA
473,65,family,Nitidulidae,2,1.7,NA,114290
474,65,family,Nitidulidae,1,1.1,NA,NA
482,66,family,Nitidulidae,1,1.5,NA,NA
486,66,species,Camponotus pennsylvanicus,1,36.9,NA,154198
494,67,species,Brachyponera chinensis,52,70.4,NA,NA
495,67,genus,Formica,1,4.8,NA,154211
503,69,species,Brachyponera chinensis,1,1.7,NA,NA
504,69,genus,Paratrechina,1,0.7,NA,154224
511,70,family,Corylophidae,1,0.7,NA,114328
512,70,family,Nitidulidae,2,3,NA,NA
517,71,family,Nitidulidae,1,2.4,NA,NA
518,71,species,Brachyponera chinensis,4,3.6,NA,NA
519,71,genus,Formica,4,32.7,NA,154211
520,71,species,Camponotus pennsylvanicus,1,21.1,NA,154198
527,71,genus,Leiobunum,2,289.9,NA,NA
531,72,family,Nitidulidae,2,3.1,NA,NA
537,72,species,Brachyponera chinensis,8,11,NA,NA
543,74,species,Brachyponera chinensis,5,8.4,NA,NA
544,74,species,Camponotus pennsylvanicus,1,19.5,NA,154198
563,75,species,Brachyponera chinensis,2,3.4,NA,NA
572,80,family,Linyphiidae,1,0.3,NA,NA
574,80,species,Brachyponera chinensis,1,1.6,NA,NA
579,80,family,Ectobiidae,1,145.6,NA,10
589,79,genus,Camponotus,2,26.2,NA,NA
590,79,genus,Camponotus,1,22.5,NA,154194
608,76,family,Ectobiidae,1,24.3,NA,10
613,76,genus,Formica,1,8,NA,154211
614,76,species,Camponotus pennsylvanicus,1,17.6,NA,154198
620,81,family,Nitidulidae,2,3.6,NA,NA
622,81,species,Camponotus pennsylvanicus,2,36,NA,154198
633,83,family,Nitidulidae,1,1.6,NA,NA
637,83,genus,Formica,1,8.3,NA,154211
646,84,genus,Formica,1,4.5,NA,154211
648,84,family,Tipulidae,1,3.5,NA,118840
668,87,family,Mordellidae,1,5,NA,114383
669,87,genus,Formica,1,9.3,NA,154211
671,87,family,Lycosidae,3,106.9,NA,117236
675,88,genus,Formica,2,19.8,NA,154211
676,88,species,Camponotus pennsylvanicus,2,31.5,NA,154198
688,90,family,Linyphiidae,1,1,NA,NA
689,90,family,Corinnidae,1,1.4,NA,NA
690,90,species,Camponotus pennsylvanicus,1,18.1,NA,154198
703,91,family,Nitidulidae,1,0.4,NA,NA
712,92,species,Camponotus pennsylvanicus,1,26.7,NA,154198
721,93,species,Camponotus pennsylvanicus,3,45.3,NA,154198
727,94,family,Oxyopidae,1,5.5,NA,871532
734,95,family,Tetrigidae,1,144.5,NA,102162
737,95,species,Camponotus pennsylvanicus,5,96.8,NA,154198
738,95,genus,Camponotus,1,41.8,NA,154194
757,98,species,Camponotus pennsylvanicus,1,39.7,NA,154198
773,100,species,Camponotus pennsylvanicus,1,23.8,NA,154198
801,102,species,Camponotus pennsylvanicus,1,34.4,NA,154198
808,103,genus,Camponotus,1,32.9,NA,154194
809,103,species,Camponotus pennsylvanicus,3,69.3,NA,154198
814,105,species,Camponotus pennsylvanicus,1,24.2,NA,154198
816,106,family,Nitidulidae,1,0.6,NA,NA
829,106,species,Camponotus pennsylvanicus,3,83.9,NA,154198
849,108,species,Camponotus pennsylvanicus,49,1397.5,NA,154198
853,109,species,Camponotus pennsylvanicus,1,38.5,NA,154198
854,109,genus,Formica,2,17.3,NA,154211
862,110,genus,Formica,4,35.1,NA,154211
906,115,genus,Formica,1,12,NA,154211
910,116,family,Nitidulidae,1,2.5,NA,NA
914,116,species,Camponotus pennsylvanicus,1,31.3,NA,154198
920,117,family,Nitidulidae,1,1.1,NA,NA
933,118,species,Camponotus pennsylvanicus,33,1108.6,NA,154198
934,119,subfamily,Emesinae,1,0.3,NA,721722
937,120,genus,Formica,4,46.6,NA,154211
947,121,genus,Camponotus,7,208.7,NA,154194
958,123,genus,Formica,2,23.1,NA,154211
959,123,genus,Camponotus,2,41.7,NA,154194
960,123,species,Camponotus pennsylvanicus,14,304.6,NA,154198
991,127,species,Brachyponera chinensis,1,0.5,NA,NA
992,127,genus,Paratrechina,3,0.5,NA,154224
999,128,family,Nitidulidae,1,1.4,NA,114290
1000,128,genus,Formica,3,20.3,NA,154211
1001,128,genus,Camponotus,1,23.4,NA,154194
1003,128,species,Camponotus pennsylvanicus,10,309.6,NA,154198
1013,129,species,Camponotus pennsylvanicus,2,74.4,NA,154198
1016,130,species,Camponotus pennsylvanicus,1,27.1,NA,154198
1017,130,genus,Camponotus,1,7.1,NA,154194
1029,131,genus,Camponotus,3,108.1,NA,154194
1036,131,family,Nitidulidae,1,1,NA,114290
1046,133,subfamily,Scolytinae,1,1,NA,NA
1049,133,genus,Camponotus,8,141.7,NA,154194
1051,133,genus,Formica,4,29.2,NA,154211
1053,133,species,Camponotus pennsylvanicus,3,75.9,NA,154198
1057,134,family,Nitidulidae,1,2.4,NA,114290
1066,135,genus,Formica,1,11.5,NA,154211
1074,136,family,Tenebrionidae,2,0.9,NA,114419
1075,136,family,Nitidulidae,2,1.9,NA,114290
1078,137,genus,Paratrechina,3,0.6,NA,154224
1082,137,species,Dysdera crocata,1,67.7,NA,855479
1091,138,family,Nitidulidae,3,3.8,NA,114290
1095,138,genus,Camponotus,2,41.9,NA,154194
1096,138,species,Camponotus pennsylvanicus,7,218.9,NA,154198
1097,138,genus,Formica,5,49.4,NA,154211
1103,139,genus,Formica,2,18.2,NA,154211
1105,139,family,Nitidulidae,1,0.4,NA,114290
1106,139,family,Linyphiidae,6,2.3,NA,82743
1107,140,genus,Camponotus,1,18.6,NA,154194
1115,140,genus,Paratrechina,1,0.2,NA,154224
1124,142,family,Ctenidae,1,25.7,NA,871520
1126,142,family,Nitidulidae,1,0.5,NA,114290
1127,142,genus,Camponotus,2,47.5,NA,154194
1130,143,family,Nitidulidae,1,1.4,NA,114290
1132,143,genus,Formica,3,25.2,NA,154211
1137,144,genus,Camponotus,1,21.3,NA,154194
1146,146,species,Camponotus pennsylvanicus,1,27.4,NA,154198
1146,146,species,Camponotus pennsylvanicus,1,27.4,NA,154198
1154,148,genus,Camponotus,1,18.9,NA,154194
1156,148,family,Nitidulidae,1,1.1,NA,114290
1163,149,family,Linyphiidae,1,0.5,NA,82743
1166,150,genus,Camponotus,1,18.2,NA,154194
1169,150,family,Ctenidae,1,23.5,NA,871520
1171,151,family,Nitidulidae,1,1.6,NA,114290
1173,151,species,Camponotus pennsylvanicus,1,28.7,NA,154198
1174,151,genus,Formica,1,7.6,NA,154211
1187,152,genus,Formica,1,18.3,NA,154211
1195,153,genus,Camponotus,5,85.6,NA,154194
1199,153,family,Reduviidae,1,79,NA,107202
1201,154,family,Cicadellidae,1,3.2,NA,109171
1264,162,genus,Camponotus,1,12,NA,154194
1270,162,family,Anyphaenidae,1,0.2,NA,871515
1274,163,genus,Camponotus,3,58,NA,154194
1275,163,species,Camponotus pennsylvanicus,1,16.7,NA,154198
1281,164,genus,Camponotus,3,36.2,NA,154194
1290,165,genus,Camponotus,1,22.9,NA,154194
1297,166,genus,Camponotus,1,14,NA,154194
1303,167,genus,Camponotus,3,64.3,NA,154194
1312,168,genus,Camponotus,4,84.8,NA,154194
1337,171,family,Nitidulidae,1,1.3,NA,114290
1344,172,family,Nitidulidae,2,2.7,NA,114290
1354,173,genus,Camponotus,8,28.1,NA,154194
1355,173,family,Scutigeridae,3,158.1,NA,913657
1356,173,family,Nitidulidae,1,0.9,NA,114290
1372,176,genus,Camponotus,2,105.1,NA,154194
1376,176,genus,Paratrechina,2,1.1,NA,154224
1377,176,family,Clubionidae,1,0.4,NA,871518
1388,177,species,Dysdera crocata,1,62.3,NA,855479
1394,178,genus,Camponotus,25,887.1,NA,154194
1397,178,family,Pholcidae,1,6.7,NA,847751
1404,179,family,Nitidulidae,1,1,NA,114290
1405,180,genus,Formica,1,9.9,NA,154211
1406,180,genus,Camponotus,1,23.8,NA,154194
394,55,genus,Camponotus,2,44.6,NA,575746
452,62,genus,Camponotus,1,17.4,NA,575746
53,9,family,Linyphiidae,1,0.6,NA,NA
118,18,family,Linyphiidae,2,1.9,NA,NA
127,19,family,Linyphiidae,3,3.4,NA,NA
422,59,family,Corinnidae,1,3.1,NA,NA
450,62,family,Linyphiidae,3,1.4,NA,NA
492,67,family,Linyphiidae,3,1.7,NA,847764
570,80,family,Linyphiidae,1,0.1,NA,NA
821,106,family,Corinnidae,2,0.7,NA,NA
